Date,Price,Open,High,Low,Volume,Chg%
1/1/2014,29542,29435,29598,29340,2930,0.25
1/2/2014,29975,29678,30050,29678,3140,1.47
1/3/2014,29727,30031,30125,29539,3050,-0.83
1/4/2014,29279,29279,29279,29279,0,-1.51
1/6/2014,29119,29300,29395,29051,24380,-0.55
1/7/2014,28959,29130,29195,28912,18710,-0.55
1/8/2014,28934,28916,29029,28820,18140,-0.09
1/9/2014,28997,28990,29053,28865,15130,0.22
1/10/2014,29169,29030,29198,28960,15810,0.59
1/13/2014,29312,29170,29330,29133,13780,0.49
1/14/2014,29198,29289,29390,29155,10600,-0.39
1/15/2014,29150,29161,29180,29002,13980,-0.16
1/16/2014,29168,29165,29250,29090,12580,0.06
1/17/2014,29385,29132,29415,29054,17640,0.74
1/20/2014,29414,29410,29499,29392,9440,0.1
1/21/2014,29362,29392,29411,29256,18210,-0.18
1/22/2014,29269,29354,29426,29234,14900,-0.32
1/23/2014,29394,29230,29468,29116,30840,0.43
1/24/2014,29574,29399,29696,29345,20390,0.61
1/27/2014,29905,29682,29929,29682,22120,1.12
1/28/2014,29628,29871,29871,29586,18130,-0.93
1/29/2014,29835,29570,29890,29479,18140,0.7
1/30/2014,29499,29849,29913,29470,15910,-1.13
1/31/2014,29482,29481,29679,29355,15200,-0.06
2/3/2014,29789,29502,29850,29402,11760,1.04
2/4/2014,29534,29722,29821,29520,3160,-0.86
2/5/2014,29719,29515,30100,29515,4490,0.63
2/6/2014,29231,29273,29448,29211,18560,-1.64
2/7/2014,29310,29259,29440,29259,14620,0.27
2/10/2014,29471,29349,29549,29349,11910,0.55
2/11/2014,29670,29500,29700,29500,14740,0.68
2/12/2014,29698,29650,29724,29580,10770,0.09
2/13/2014,29726,29660,29748,29605,12470,0.09
2/14/2014,29932,29750,29949,29750,11850,0.69
2/17/2014,30664,29978,30731,29970,27800,2.45
2/18/2014,30766,30600,30790,30511,18180,0.33
2/19/2014,30712,30686,30865,30405,20720,-0.18
2/20/2014,30608,30680,30680,30507,12460,-0.34
2/21/2014,30677,30590,30749,30522,12330,0.23
2/24/2014,30927,30633,30975,30633,12900,0.81
2/25/2014,30972,30929,30999,30817,12760,0.15
2/26/2014,30810,30951,30969,30677,14740,-0.52
2/27/2014,30839,30884,30917,30788,4410,0.09
2/28/2014,30634,30820,30895,30567,16200,-0.66
3/3/2014,32051,30700,32279,30700,5670,4.63
3/4/2014,31126,31500,32379,31090,1310,-2.89
3/5/2014,32351,31200,32500,30770,1490,3.94
3/6/2014,30416,30350,30446,30105,21500,-5.98
3/7/2014,30307,30361,30514,30130,19380,-0.36
3/10/2014,30327,30253,30350,30145,13500,0.07
3/11/2014,30421,30301,30515,30166,23170,0.31
3/12/2014,30627,30468,30690,30468,19020,0.68
3/13/2014,30697,30677,30735,30492,15380,0.23
3/14/2014,30719,30730,30849,30610,19040,0.07
3/17/2014,30557,30699,30710,30525,5190,-0.53
3/18/2014,30389,30511,30511,30311,15940,-0.55
3/19/2014,30169,30392,30416,30122,13680,-0.72
3/20/2014,29924,30110,30168,29885,14010,-0.81
3/21/2014,29850,29893,30038,29817,11960,-0.25
3/24/2014,29182,29810,29810,29141,18000,-2.24
3/25/2014,28971,29230,29317,28931,20330,-0.72
3/26/2014,28595,29020,29043,28335,16650,-1.3
3/27/2014,28521,28631,28740,28351,17230,-0.26
3/28/2014,28434,28488,28630,28213,18090,-0.31
3/31/2014,28470,28427,28778,28340,12650,0.13
4/1/2014,28116,28432,28507,28058,8840,-1.24
4/2/2014,28404,28035,28470,27361,480,1.02
4/3/2014,28460,28500,28699,28365,110,0.2
4/4/2014,28519,28400,28885,28400,190,0.21
4/5/2014,28549,28549,28549,28549,0,0.11
4/7/2014,28574,28599,28643,28481,10450,0.09
4/8/2014,28754,28639,28842,28639,5740,0.63
4/9/2014,28710,28754,28856,28653,12120,-0.15
4/10/2014,29094,28757,29119,28757,13700,1.34
4/11/2014,29085,29090,29162,28973,10530,-0.03
4/14/2014,29350,29095,29371,29095,6090,0.91
4/15/2014,29342,29287,29395,29059,21410,-0.03
4/16/2014,29290,29280,29320,28900,16580,-0.18
4/17/2014,29293,29256,29386,29185,10460,0.01
4/19/2014,29339,29339,29339,29339,0,0.16
4/21/2014,29548,29207,29599,29072,13860,0.71
4/22/2014,29423,29550,29649,29381,11700,-0.42
4/23/2014,29752,29480,29775,29433,9860,1.12
4/25/2014,29741,29750,29939,29650,10180,-0.04
4/27/2014,29695,29695,29695,29695,0,-0.15
4/28/2014,29824,29895,29900,29756,6680,0.43
4/29/2014,29713,29786,29799,29607,6760,-0.37
4/30/2014,31014,29602,31495,29571,12250,4.38
5/1/2014,30380,31033,31743,29914,2850,-2.04
5/2/2014,30182,30388,30440,30080,930,-0.65
5/5/2014,29967,30211,30347,29834,1040,-0.71
5/6/2014,29109,29187,29231,29081,9330,-2.86
5/7/2014,28747,29164,29275,28725,15480,-1.24
5/8/2014,28734,28787,28846,28665,9560,-0.05
5/9/2014,28741,28677,28877,28673,10090,0.02
5/12/2014,28860,28732,29025,28575,14220,0.41
5/13/2014,28673,28787,28874,28633,12740,-0.65
5/14/2014,28911,28769,28960,28769,7410,0.83
5/15/2014,28624,28882,28882,28575,14660,-0.99
5/16/2014,28322,28575,28575,28251,11490,-1.06
5/19/2014,28336,28275,28475,28233,11590,0.05
5/20/2014,28424,28291,28460,28253,15280,0.31
5/21/2014,27501,28445,28540,27432,31580,-3.25
5/22/2014,27386,27504,27640,27252,24650,-0.42
5/23/2014,27528,27400,27584,27281,13710,0.52
5/26/2014,27586,27544,27620,27421,11500,0.21
5/27/2014,27087,27567,27598,27010,19860,-1.81
5/28/2014,26987,27032,27100,26853,15200,-0.37
5/29/2014,26984,26945,27083,26661,18000,-0.01
5/30/2014,27151,26915,27215,26862,12890,0.62
6/2/2014,26626,27012,27130,26520,2920,-1.93
6/3/2014,26732,26756,26874,26592,450,0.4
6/4/2014,26708,26582,26910,26582,130,-0.09
6/5/2014,26771,26800,26860,26605,70,0.24
6/6/2014,26400,26548,26600,26350,11550,-1.39
6/9/2014,26545,26400,26570,26278,8470,0.55
6/10/2014,26712,26585,26738,26475,11670,0.63
6/11/2014,26736,26720,26780,26527,13560,0.09
6/12/2014,27014,26740,27050,26640,14160,1.04
6/13/2014,27235,27020,27289,26988,10270,0.82
6/16/2014,27395,27255,27644,27255,12660,0.59
6/17/2014,27418,27306,27488,27135,13700,0.08
6/18/2014,27353,27351,27538,27230,14470,-0.24
6/19/2014,28160,27313,28199,27313,21910,2.95
6/20/2014,28154,28150,28349,27977,18080,-0.02
6/23/2014,28111,28245,28267,28035,12310,-0.15
6/24/2014,28167,28099,28369,27860,17400,0.2
6/25/2014,28221,28121,28290,28057,14010,0.19
6/26/2014,28126,28190,28208,27935,17380,-0.34
6/27/2014,28063,28201,28236,28005,9920,-0.22
6/30/2014,28076,28000,28185,27967,8760,0.05
7/1/2014,27975,28210,28277,27950,4410,-0.36
7/2/2014,27788,27950,28225,27750,2880,-0.67
7/3/2014,27802,27552,27900,27552,1200,0.05
7/4/2014,27913,27884,27975,27755,260,0.4
7/7/2014,27564,27611,27611,27455,11210,-1.25
7/8/2014,27594,27582,27725,27460,15210,0.11
7/9/2014,27667,27620,27771,27612,11340,0.26
7/10/2014,28565,27650,28649,27560,40700,3.25
7/11/2014,28441,28517,28579,28302,15110,-0.43
7/12/2014,28413,28413,28413,28413,0,-0.1
7/13/2014,28413,28413,28413,28413,0,0
7/14/2014,27860,28380,28380,27839,21930,-1.95
7/15/2014,27752,27890,28050,27686,18230,-0.39
7/16/2014,27767,27800,27825,27671,14010,0.05
7/17/2014,28237,27824,28450,27810,24740,1.69
7/18/2014,28028,28227,28233,27960,13870,-0.74
7/20/2014,28030,28030,28030,28030,0,0.01
7/21/2014,28120,28068,28247,28022,13210,0.32
7/22/2014,27939,28061,28135,27851,19880,-0.64
7/23/2014,27915,27930,28046,27888,11870,-0.09
7/24/2014,27651,27882,27882,27630,16960,-0.95
7/25/2014,27973,27696,27994,27673,12810,1.16
7/27/2014,27960,27960,27960,27960,0,-0.05
7/28/2014,27909,27985,28085,27874,10300,-0.18
7/29/2014,27855,27950,28067,27827,7440,-0.19
7/30/2014,27936,27888,27984,27740,10900,0.29
7/31/2014,27788,27800,27969,27751,11560,-0.53
8/1/2014,28037,27810,28124,27761,3300,0.9
8/4/2014,27952,28023,28118,27900,1020,-0.3
8/5/2014,28392,27959,28790,27724,220,1.57
8/6/2014,28559,28130,28640,28088,19080,0.59
8/7/2014,28695,28559,28750,28460,14960,0.48
8/8/2014,28515,28730,29010,28500,21260,-0.63
8/10/2014,28510,28510,28510,28510,0,-0.02
8/11/2014,28554,28480,28600,28445,8670,0.15
8/12/2014,28641,28520,28780,28474,12990,0.3
8/13/2014,28567,28590,28645,28480,13990,-0.26
8/14/2014,28489,28521,28657,28378,16180,-0.27
8/18/2014,28167,28405,28405,28140,10490,-1.13
8/19/2014,28124,28170,28248,28087,9500,-0.15
8/20/2014,28079,28120,28158,28025,10170,-0.16
8/21/2014,27599,28025,28025,27550,17840,-1.71
8/22/2014,27634,27657,27720,27555,11050,0.13
8/25/2014,27632,27624,27678,27535,8400,-0.01
8/26/2014,27720,27652,27880,27652,13070,0.32
8/27/2014,27599,27741,27760,27575,9260,-0.44
8/28/2014,27884,27642,27974,27642,14140,1.03
8/29/2014,27794,27835,27835,27652,4090,-0.32
9/1/2014,27679,27747,27774,27651,4160,-0.41
9/2/2014,27340,27610,27676,27318,4010,-1.22
9/3/2014,27355,27362,27420,27186,1120,0.05
9/4/2014,27282,27418,27427,27262,270,-0.27
9/5/2014,27225,27250,27360,27068,340,-0.21
9/8/2014,27207,27448,27497,27116,13170,-0.07
9/9/2014,27272,27237,27395,27159,15560,0.24
9/10/2014,27194,27350,27441,27152,13410,-0.29
9/11/2014,26996,27207,27246,26970,18440,-0.73
9/12/2014,26909,26958,26995,26801,16070,-0.32
9/13/2014,26900,26900,26900,26900,0,-0.03
9/15/2014,27006,26949,27118,26913,16610,0.39
9/16/2014,26954,27008,27110,26920,19690,-0.19
9/17/2014,26907,26960,27009,26860,12060,-0.17
9/18/2014,26659,26860,26860,26572,15980,-0.92
9/19/2014,26497,26605,26694,26470,15870,-0.61
9/22/2014,26605,26436,26665,26313,16470,0.41
9/23/2014,26682,26586,26937,26488,16660,0.29
9/24/2014,26552,26685,26760,26526,13880,-0.49
9/25/2014,26919,26514,26950,26381,19580,1.38
9/26/2014,26694,26960,27100,26665,19990,-0.84
9/27/2014,26693,26693,26693,26693,0,0
9/29/2014,26819,26760,26915,26685,9130,0.47
9/30/2014,26805,26807,26968,26633,10680,-0.05
10/1/2014,26790,26695,26840,26552,3920,-0.06
10/3/2014,26439,26931,26931,26377,11020,-1.31
10/5/2014,26424,26424,26424,26424,0,-0.06
10/6/2014,26637,26476,26667,26352,6970,0.81
10/7/2014,26673,26581,26710,26566,14870,0.14
10/8/2014,26633,26698,26885,26620,15810,-0.15
10/9/2014,26847,26696,26938,26696,16430,0.8
10/10/2014,26855,26813,26940,26750,15640,0.03
10/13/2014,26855,26900,27135,26811,16690,0
10/14/2014,27128,26892,27170,26892,15720,1.02
10/16/2014,27328,27150,27475,27150,17550,0.74
10/17/2014,27151,27310,27362,27085,14210,-0.65
10/20/2014,27302,27131,27360,27078,11360,0.56
10/21/2014,27394,27358,27496,27343,12770,0.34
10/22/2014,27333,27369,27389,27265,9860,-0.22
10/23/2014,26940,27174,27174,26913,6400,-1.44
10/24/2014,26963,27050,27067,26950,3460,0.09
10/27/2014,27008,26957,27048,26913,7360,0.17
10/28/2014,26909,26962,27076,26880,8530,-0.37
10/29/2014,26864,26974,26990,26805,6310,-0.17
10/30/2014,26376,26811,26811,26326,10880,-1.82
10/31/2014,25924,26350,26375,25684,15940,-1.71
11/3/2014,25868,25877,25947,25750,3750,-0.22
11/4/2014,25810,25930,25965,25725,220,-0.22
11/5/2014,25348,25578,26340,25201,980,-1.79
11/6/2014,25467,25448,25568,25411,8380,0.47
11/7/2014,25926,25475,25970,25172,30780,1.8
11/10/2014,25719,25949,26070,25670,15440,-0.8
11/11/2014,25793,25632,25861,25434,19180,0.29
11/12/2014,25794,25798,25940,25735,17110,0
11/13/2014,25827,25849,25920,25689,20230,0.13
11/14/2014,26458,25791,26519,25585,33820,2.44
11/16/2014,26411,26411,26411,26411,0,-0.18
11/17/2014,26319,26370,26499,26275,20730,-0.35
11/18/2014,26587,26367,26756,26367,24600,1.02
11/19/2014,26710,26548,26840,26235,33870,0.46
11/20/2014,26459,26620,26620,26375,26020,-0.94
11/21/2014,26390,26509,26623,26340,26750,-0.26
11/24/2014,26473,26462,26539,26420,15020,0.31
11/25/2014,26338,26480,26537,26322,19750,-0.51
11/26/2014,26397,26395,26440,26330,10020,0.22
11/27/2014,26237,26355,26355,26170,14220,-0.61
11/28/2014,25853,26150,26244,25815,15530,-1.46
12/1/2014,26546,25803,26627,25123,5730,2.68
12/2/2014,26224,26438,27050,26087,1150,-1.21
12/3/2014,26496,26309,26699,26236,90,1.04
12/4/2014,26488,26299,26850,26299,60,-0.03
12/5/2014,26279,26698,26698,25801,170,-0.79
12/8/2014,26228,26277,26350,26164,10300,-0.19
12/9/2014,27023,26322,27168,26321,25020,3.03
12/10/2014,27054,27000,27220,26910,18250,0.11
12/11/2014,27142,27096,27240,26860,18570,0.33
12/12/2014,27088,27168,27188,26910,19320,-0.2
12/15/2014,27173,27037,27348,26912,19060,0.31
12/16/2014,27044,27120,27636,26822,35790,-0.47
12/17/2014,26802,27011,27099,26775,19260,-0.89
12/18/2014,26659,26888,27111,26580,22400,-0.53
12/19/2014,26859,26725,26922,26654,13730,0.75
12/22/2014,26458,26859,26910,26403,15110,-1.49
12/23/2014,26468,26499,26600,26366,13760,0.04
12/24/2014,26433,26500,26514,26411,6950,-0.13
12/26/2014,26894,26470,26930,26470,13780,1.74
12/29/2014,26598,26919,26919,26560,10820,-1.1
12/30/2014,26908,26646,27068,26511,16300,1.17
12/31/2014,26594,26909,26909,26491,9510,-1.17
1/1/2015,26586,26610,26647,26539,1820,-0.03
1/2/2015,26700,26585,26740,26285,1990,0.43
1/5/2015,26847,26800,26911,26650,570,0.55
1/6/2015,27385,27095,27442,27094,26640,2
1/7/2015,27159,27328,27350,27110,19660,-0.83
1/8/2015,26808,27150,27150,26770,21730,-1.29
1/9/2015,26806,26751,26877,26680,19710,-0.01
1/12/2015,27032,26865,27119,26839,21930,0.84
1/13/2015,27071,27118,27258,27020,22930,0.14
1/14/2015,27210,27013,27280,26916,24400,0.51
1/15/2015,27493,27150,27546,26731,50280,1.04
1/16/2015,27673,27540,27798,27383,28540,0.65
1/17/2015,27627,27627,27627,27627,0,-0.17
1/19/2015,27718,27642,27784,27633,15760,0.33
1/20/2015,28098,27700,28145,27700,27570,1.37
1/21/2015,27992,28071,28298,27850,27720,-0.38
1/22/2015,28055,27966,28240,27762,27560,0.23
1/23/2015,27884,28015,28114,27813,18520,-0.61
1/25/2015,27887,27887,27887,27887,0,0.01
1/27/2015,27934,27815,28033,27584,20580,0.17
1/28/2015,27795,27896,27974,27771,15130,-0.5
1/29/2015,27470,27782,27848,27435,22610,-1.17
1/30/2015,27911,27540,28260,27470,16390,1.61
2/2/2015,28071,28120,28197,27743,2230,0.57
2/3/2015,27687,28071,28079,27600,540,-1.37
2/4/2015,27814,27660,27835,27578,170,0.46
2/5/2015,27683,27785,27900,27461,110,-0.47
2/6/2015,26968,27498,27598,26912,22240,-2.58
2/9/2015,27119,27011,27172,26996,13600,0.56
2/10/2015,27016,27180,27180,26984,13530,-0.38
2/11/2015,26817,27050,27050,26770,16680,-0.74
2/12/2015,26635,26756,26920,26620,15850,-0.68
2/13/2015,26694,26700,26815,26642,17170,0.22
2/16/2015,26742,26720,26884,26720,8740,0.18
2/17/2015,26241,26722,26722,26215,11240,-1.87
2/18/2015,26181,26280,26390,26128,15570,-0.23
2/19/2015,26294,26260,26521,26199,16560,0.43
2/20/2015,26317,26337,26435,26186,15080,0.09
2/21/2015,26319,26319,26319,26319,0,0.01
2/23/2015,26178,26281,26310,26001,18600,-0.54
2/24/2015,26077,26219,26277,26015,14350,-0.39
2/25/2015,26142,26138,26343,26120,14250,0.25
2/26/2015,26239,26200,26370,26200,14620,0.37
2/27/2015,26206,26243,26320,26132,13560,-0.13
2/28/2015,26480,26111,26518,26043,8150,1.05
3/2/2015,26541,26508,26997,26440,5080,0.23
3/3/2015,26453,26527,26601,26400,1050,-0.33
3/4/2015,26539,26500,26600,26401,3300,0.33
3/5/2015,26473,26510,26599,26418,220,-0.25
3/6/2015,26058,26485,26530,26025,15680,-1.57
3/9/2015,26062,26096,26177,26041,12550,0.02
3/10/2015,25960,26050,26100,25825,21180,-0.39
3/11/2015,25716,25979,25996,25691,17900,-0.94
3/12/2015,25690,25750,25890,25609,21260,-0.1
3/13/2015,25909,25750,25945,25750,19760,0.85
3/14/2015,25922,25922,25922,25922,0,0.05
3/16/2015,25797,25945,25967,25735,14550,-0.48
3/17/2015,25635,25741,25830,25551,20540,-0.63
3/18/2015,25653,25665,25700,25520,16400,0.07
3/19/2015,25970,25712,25992,25712,21330,1.24
3/20/2015,26195,25996,26249,25915,18360,0.87
3/23/2015,26208,26195,26226,26089,11460,0.05
3/24/2015,26350,26180,26389,26140,14190,0.54
3/25/2015,26491,26313,26519,26219,14890,0.54
3/26/2015,26805,26519,26991,26519,16890,1.19
3/27/2015,26564,26774,26774,26381,15740,-0.9
3/30/2015,26239,26468,26468,26200,10610,-1.22
3/31/2015,26061,26200,26310,26020,5280,-0.68
4/1/2015,26510,26122,26800,26060,1600,1.72
4/2/2015,26548,26601,26697,26460,7800,0.14
4/6/2015,26941,26625,27038,26625,13580,1.48
4/7/2015,26829,26925,26928,26801,8930,-0.42
4/8/2015,26682,26842,26873,26615,11850,-0.55
4/9/2015,26452,26612,26612,26410,12460,-0.86
4/10/2015,26703,26482,26750,26452,13550,0.95
4/13/2015,26616,26703,26730,26550,10390,-0.33
4/14/2015,26454,26569,26569,26300,8700,-0.61
4/15/2015,26644,26450,26680,26388,12440,0.72
4/16/2015,26533,26644,26740,26472,12930,-0.42
4/17/2015,26702,26530,26730,26520,11630,0.64
4/20/2015,26719,26699,26849,26670,11990,0.06
4/21/2015,26803,26745,26820,26632,14250,0.31
4/22/2015,26489,26778,26848,26459,16540,-1.17
4/23/2015,26777,26515,26792,26461,12510,1.09
4/24/2015,26574,26734,26839,26521,12980,-0.76
4/27/2015,26944,26624,26980,26588,12830,1.39
4/28/2015,27036,26969,27059,26833,9360,0.34
4/29/2015,27096,26985,27140,26953,8630,0.22
4/30/2015,26593,27056,27148,26500,10430,-1.86
5/1/2015,26483,26572,26572,26300,2020,-0.41
5/4/2015,26747,26580,27114,26580,390,1
5/5/2015,26852,26734,27060,26640,190,0.39
5/6/2015,26928,26950,27070,26835,14940,0.28
5/7/2015,26951,26904,27050,26862,15860,0.09
5/8/2015,26903,26960,27019,26825,16350,-0.18
5/11/2015,26853,26898,26969,26786,14010,-0.19
5/12/2015,27180,26899,27225,26892,17500,1.22
5/13/2015,27539,27131,27569,27063,21700,1.32
5/14/2015,27444,27465,27599,27370,19020,-0.34
5/15/2015,27473,27417,27500,27260,15940,0.11
5/18/2015,27629,27518,27695,27513,13940,0.57
5/19/2015,27309,27565,27599,27266,17570,-1.16
5/20/2015,27299,27280,27370,27205,11460,-0.04
5/21/2015,27130,27280,27339,27108,12950,-0.62
5/22/2015,27105,27144,27327,27071,13440,-0.09
5/25/2015,27180,27112,27197,27101,6980,0.28
5/26/2015,26917,27154,27227,26884,14640,-0.97
5/27/2015,26900,26929,26994,26856,9900,-0.06
5/28/2015,26899,26877,26950,26760,11250,0
5/29/2015,26866,26900,26949,26820,8560,-0.12
6/1/2015,26690,26926,27014,26133,4370,-0.66
6/2/2015,26856,26743,26929,26730,820,0.62
6/3/2015,26806,26908,27000,26775,180,-0.19
6/4/2015,26564,26840,26869,26454,40,-0.9
6/5/2015,26439,26599,26613,26371,260,-0.47
6/8/2015,26693,26691,26749,26621,8060,0.96
6/9/2015,26754,26715,26817,26665,11230,0.23
6/10/2015,26850,26750,26958,26730,10570,0.36
6/11/2015,26772,26864,26864,26681,9480,-0.29
6/12/2015,26773,26770,26860,26725,9190,0
6/15/2015,26915,26795,26997,26625,14250,0.53
6/16/2015,26831,26938,26958,26760,9780,-0.31
6/17/2015,26763,26828,26828,26690,8430,-0.25
6/18/2015,27031,26760,27120,26760,15630,1
6/19/2015,26959,27020,27061,26901,7990,-0.27
6/22/2015,26589,26941,26941,26570,11550,-1.37
6/23/2015,26478,26650,26676,26461,9710,-0.42
6/24/2015,26418,26510,26559,26361,9930,-0.23
6/25/2015,26365,26470,26494,26342,7830,-0.2
6/26/2015,26399,26383,26468,26292,9710,0.13
6/29/2015,26508,26482,26716,26461,8860,0.41
6/30/2015,26301,26452,26470,26211,7760,-0.78
7/1/2015,26182,26275,26380,26160,1790,-0.45
7/2/2015,26024,26164,26246,25985,470,-0.6
7/3/2015,26393,26010,26800,26005,270,1.42
7/6/2015,26335,26393,26397,26205,11600,-0.22
7/7/2015,26032,26271,26288,25886,19000,-1.15
7/8/2015,26222,26011,26250,25870,17350,0.73
7/9/2015,26071,26130,26250,26050,14660,-0.58
7/10/2015,26071,26080,26175,26030,12140,0
7/13/2015,26033,26122,26125,25952,12040,-0.15
7/14/2015,25934,26026,26095,25911,11830,-0.38
7/15/2015,25852,25987,25987,25774,14060,-0.32
7/16/2015,25774,25824,25824,25720,10570,-0.3
7/17/2015,25505,25780,25780,25482,13120,-1.04
7/20/2015,25042,25480,25480,24910,23100,-1.82
7/21/2015,24908,24997,25065,24881,14620,-0.54
7/22/2015,24688,24850,24850,24591,20050,-0.88
7/23/2015,24742,24786,24919,24716,18270,0.22
7/24/2015,24729,24701,24829,24470,19480,-0.05
7/27/2015,24910,24694,25034,24671,21500,0.73
7/28/2015,24768,24837,24870,24714,14790,-0.57
7/29/2015,24729,24784,24849,24705,14890,-0.16
7/30/2015,24739,24702,24824,24581,17050,0.04
7/31/2015,24789,24680,24919,24551,15360,0.2
8/3/2015,24696,24823,24886,24666,2830,-0.38
8/4/2015,24638,24670,24704,24540,290,-0.23
8/5/2015,24545,24614,24635,24500,100,-0.38
8/6/2015,24692,24583,24745,24530,10620,0.6
8/7/2015,24796,24682,24872,24615,19130,0.42
8/10/2015,25026,24800,25096,24774,14670,0.93
8/11/2015,25323,25045,25430,25002,20870,1.19
8/12/2015,25898,25400,25923,25400,23190,2.27
8/13/2015,25763,25785,25859,25700,14690,-0.52
8/14/2015,25636,25706,25832,25605,13490,-0.49
8/17/2015,25924,25710,25999,25710,13380,1.12
8/18/2015,25890,25920,25971,25732,15150,-0.13
8/19/2015,26084,25870,26115,25801,15890,0.75
8/20/2015,26723,26145,26746,26145,21390,2.45
8/21/2015,27090,26780,27177,26676,27330,1.37
8/24/2015,27290,27100,27689,27070,27660,0.74
8/25/2015,26595,27250,27250,26533,23410,-2.55
8/26/2015,26341,26602,26694,26075,20090,-0.96
8/27/2015,26197,26271,26360,26102,13820,-0.55
8/28/2015,26490,26220,26600,26220,11900,1.12
8/31/2015,26540,26490,26600,26363,6820,0.19
9/1/2015,26623,26636,26847,26530,2330,0.31
9/2/2015,26417,26594,26639,26200,630,-0.77
9/3/2015,26196,26432,26474,26130,250,-0.84
9/4/2015,26256,26325,26490,26001,250,0.23
9/7/2015,26506,26595,26620,26465,9330,0.95
9/8/2015,26436,26500,26567,26391,14030,-0.26
9/9/2015,26069,26450,26486,26010,16520,-1.39
9/10/2015,26179,26150,26299,26062,16920,0.42
9/11/2015,25981,26190,26209,25918,15490,-0.76
9/14/2015,26078,26045,26128,25970,12160,0.37
9/15/2015,25982,26089,26095,25956,12790,-0.37
9/16/2015,26285,25994,26367,25967,20080,1.17
9/17/2015,26176,26212,26273,26113,7410,-0.41
9/18/2015,26476,26300,26591,26300,23100,1.15
9/21/2015,26345,26488,26550,26281,17900,-0.49
9/22/2015,26242,26320,26470,26180,22310,-0.39
9/23/2015,26476,26240,26509,26210,16309,0.89
9/24/2015,26965,26510,27078,26462,28450,1.85
9/25/2015,26744,26900,26900,26634,10770,-0.82
9/28/2015,26508,26746,26746,26361,16510,-0.88
9/29/2015,26253,26574,26590,26228,18830,-0.96
9/30/2015,25803,26211,26371,25737,22290,-1.71
10/1/2015,25782,25780,25863,25680,6120,-0.08
10/5/2015,26094,26159,26263,25960,1350,1.21
10/6/2015,26512,26300,26621,26272,16740,1.6
10/7/2015,26449,26555,26675,26320,18410,-0.24
10/8/2015,26351,26400,26499,26240,15300,-0.37
10/9/2015,26515,26311,26595,26263,16340,0.62
10/12/2015,26678,26626,26820,26527,16370,0.61
10/13/2015,26872,26640,26916,26503,20360,0.73
10/14/2015,27088,26920,27164,26756,21560,0.8
10/15/2015,27142,27130,27228,26940,20300,0.2
10/16/2015,27029,27102,27102,26942,13690,-0.42
10/19/2015,26882,26950,26950,26803,11290,-0.54
10/20/2015,26993,26821,27058,26756,15060,0.41
10/21/2015,26821,27036,27080,26801,12720,-0.64
10/22/2015,26737,26850,26877,26715,6530,-0.31
10/23/2015,26676,26759,26965,26602,16270,-0.23
10/26/2015,26689,26750,26790,26642,8550,0.05
10/27/2015,26790,26678,26820,26650,8790,0.38
10/28/2015,26930,26824,27033,26797,12540,0.52
10/29/2015,26470,26800,26800,26450,12520,-1.71
10/30/2015,26355,26464,26464,26281,8800,-0.43
11/2/2015,26228,26450,26450,26181,3900,-0.48
11/3/2015,25863,26240,26310,25833,1250,-1.39
11/4/2015,25646,25950,25993,25126,1190,-0.84
11/5/2015,25791,25661,25917,25661,270,0.57
11/6/2015,25538,25834,25918,25485,17490,-0.98
11/9/2015,25699,25619,25780,25619,13210,0.63
11/10/2015,25604,25710,25750,25510,11940,-0.37
11/11/2015,25490,25523,25548,25477,2700,-0.45
11/12/2015,25341,25480,25555,25223,9560,-0.58
11/13/2015,25388,25395,25519,25351,10870,0.19
11/16/2015,25360,25488,25740,25336,16640,-0.11
11/17/2015,25038,25284,25375,24978,17530,-1.27
11/18/2015,25108,25000,25180,25000,13280,0.28
11/19/2015,25308,25199,25442,25110,20140,0.8
11/20/2015,25252,25356,25496,25214,16280,-0.22
11/23/2015,25180,25235,25287,25084,13970,-0.29
11/24/2015,25305,25199,25395,25173,13980,0.5
11/25/2015,25230,25250,25280,25154,7600,-0.3
11/26/2015,25288,25260,25346,25250,8980,0.23
11/27/2015,25071,25221,25281,24981,13070,-0.86
11/30/2015,25114,24961,25180,24950,10330,0.17
12/1/2015,25018,25189,25250,24975,3710,-0.38
12/2/2015,24895,25169,25190,24860,240,-0.49
12/3/2015,25043,24890,25149,24803,40,0.59
12/4/2015,25631,25110,25750,25066,90,2.35
12/7/2015,25443,25589,25620,25410,9900,-0.73
12/8/2015,25424,25406,25515,25275,11440,-0.07
12/9/2015,25499,25470,25637,25333,15120,0.29
12/10/2015,25328,25455,25455,25303,10140,-0.67
12/11/2015,25581,25300,25610,25162,18050,1
12/14/2015,25256,25518,25539,25241,14420,-1.27
12/15/2015,25173,25256,25317,25111,12670,-0.33
12/16/2015,25372,25235,25400,25122,13480,0.79
12/17/2015,24766,25302,25302,24671,20770,-2.39
12/18/2015,25011,24802,25146,24781,15390,0.99
12/21/2015,25302,25067,25335,25051,14980,1.16
12/22/2015,25176,25242,25316,25155,12140,-0.5
12/23/2015,25004,25150,25170,24992,10710,-0.68
12/24/2015,25147,25040,25180,25035,5610,0.57
12/28/2015,25077,25136,25142,25062,8710,-0.28
12/29/2015,25106,25129,25243,25092,10210,0.12
12/30/2015,25017,25175,25224,25003,11240,-0.35
12/31/2015,24952,25032,25058,24880,6110,-0.26
1/1/2016,24943,24976,25071,24900,2120,-0.04
1/4/2016,25423,25234,25505,25030,750,1.92
1/5/2016,25430,25360,25486,25360,170,0.03
1/6/2016,25756,25440,25789,25421,24140,1.28
1/7/2016,26106,25800,26130,25780,25320,1.36
1/8/2016,25989,26035,26095,25785,23700,-0.45
1/11/2016,25877,26075,26110,25831,19910,-0.43
1/12/2016,25689,25876,25966,25630,20160,-0.73
1/13/2016,25750,25660,25794,25530,18360,0.24
1/14/2016,25652,25800,26028,25609,24080,-0.38
1/15/2016,26126,25630,26220,25630,29460,1.85
1/18/2016,26070,26073,26110,25971,14090,-0.21
1/19/2016,26064,26041,26085,25873,20910,-0.02
1/20/2016,26563,26100,26661,26100,32270,1.91
1/21/2016,26190,26473,26513,26150,28390,-1.4
1/22/2016,26168,26254,26301,26113,16830,-0.08
1/25/2016,26391,26170,26444,26170,16219,0.85
1/27/2016,26736,26450,26819,26450,15510,1.31
1/28/2016,26701,26850,26900,26600,16510,-0.13
1/29/2016,26709,26679,26763,26527,15260,0.03
2/1/2016,26973,26755,27049,26645,3570,0.99
2/2/2016,27008,27782,27782,26861,1050,0.13
2/3/2016,27285,27134,27325,26976,440,1.03
2/4/2016,27656,27235,27800,27207,110,1.36
2/5/2016,27568,27770,28113,26850,190,-0.32
2/8/2016,28367,27496,28429,27496,29380,2.9
2/9/2016,28325,28345,28423,28078,24630,-0.15
2/10/2016,28211,28238,28250,27935,20530,-0.4
2/11/2016,29706,28250,30000,28250,46400,5.3
2/12/2016,29287,29517,29722,29251,24730,-1.41
2/15/2016,28595,29251,29251,28521,19540,-2.36
2/16/2016,28800,28550,28969,28111,31580,0.72
2/17/2016,28781,28790,28940,28637,21680,-0.07
2/18/2016,29210,28780,29270,28614,22300,1.49
2/19/2016,29432,29229,29547,29180,25790,0.76
2/22/2016,28916,29340,29340,28762,21110,-1.75
2/23/2016,29234,29095,29317,29077,22080,1.1
2/24/2016,29523,29310,29884,29210,31230,0.99
2/25/2016,29735,29470,29765,29363,26250,0.72
2/26/2016,29290,29588,29692,29135,25740,-1.5
2/29/2016,29437,29236,29625,29236,14790,0.5
3/1/2016,29097,29600,29754,29080,3940,-1.16
3/2/2016,29219,29009,29240,28960,1000,0.42
3/3/2016,29381,29209,29525,29120,990,0.55
3/4/2016,29519,29684,29983,29233,330,0.47
3/7/2016,29597,29875,29960,29556,14020,0.26
3/8/2016,29819,29760,30147,29760,38490,0.75
3/9/2016,29597,29750,29750,29317,34880,-0.74
3/10/2016,29928,29500,29950,29088,52190,1.12
3/11/2016,29504,29905,29920,29470,36900,-1.42
3/14/2016,29204,29449,29570,29140,30930,-1.02
3/15/2016,29050,29109,29249,28885,33260,-0.53
3/16/2016,28970,29080,29157,28935,22580,-0.28
3/17/2016,29357,29044,29590,29044,37830,1.34
3/18/2016,29135,29400,29460,29011,27150,-0.76
3/21/2016,28937,29102,29119,28831,24490,-0.68
3/22/2016,29047,28950,29337,28893,32240,0.38
3/23/2016,28568,29000,29000,28510,33730,-1.65
3/24/2016,28560,28503,28626,28450,7430,-0.03
3/28/2016,28400,28452,28487,28250,16660,-0.56
3/29/2016,28616,28388,28666,28281,26080,0.76
3/30/2016,28301,28627,28692,28226,20040,-1.1
3/31/2016,28441,28290,28539,28290,14340,0.49
4/1/2016,28056,28410,28530,27955,5970,-1.35
4/4/2016,28086,28096,28187,28032,660,0.11
4/5/2016,28562,28224,28699,28190,260,1.69
4/6/2016,28571,28700,28749,28510,17370,0.03
4/7/2016,28972,28639,29030,28618,27690,1.4
4/8/2016,29047,29000,29074,28765,22560,0.26
4/11/2016,29254,29099,29315,29063,21300,0.71
4/12/2016,29250,29190,29395,29152,21900,-0.01
4/13/2016,29128,29212,29212,28980,18810,-0.42
4/14/2016,28731,29020,29050,28705,13420,-1.36
4/15/2016,28918,28799,28950,28772,8790,0.65
4/18/2016,28935,28950,29128,28901,18450,0.06
4/19/2016,29255,29050,29299,29050,13290,1.11
4/20/2016,29249,29289,29345,29101,19010,-0.02
4/21/2016,29287,29216,29670,29140,27660,0.13
4/22/2016,28941,29321,29343,28914,19320,-1.18
4/25/2016,29183,29050,29200,28983,14640,0.84
4/26/2016,29158,29151,29199,28981,15140,-0.09
4/27/2016,29319,29200,29355,29200,15580,0.55
4/28/2016,29627,29268,29650,29200,16430,1.05
4/29/2016,30138,29651,30192,29651,18880,1.72
5/2/2016,30213,30177,30342,30120,2920,0.25
5/3/2016,30154,30175,30337,30050,630,-0.2
5/4/2016,29934,30145,30200,29920,170,-0.73
5/5/2016,29868,29912,30135,29832,110,-0.22
5/6/2016,30366,29950,30400,29950,33820,1.67
5/9/2016,29805,30312,30312,29750,29600,-1.85
5/10/2016,29785,29851,29862,29622,19510,-0.07
5/11/2016,29933,29825,30072,29825,23180,0.5
5/12/2016,29904,29933,30085,29765,25800,-0.1
5/13/2016,30023,29900,30058,29766,24070,0.4
5/16/2016,29963,30075,30245,29915,23170,-0.2
5/17/2016,30045,30040,30130,29860,24610,0.27
5/18/2016,30049,30024,30078,29910,20740,0.01
5/19/2016,29800,29995,29995,29632,26130,-0.83
5/20/2016,29693,29730,29867,29661,20090,-0.36
5/23/2016,29682,29694,29745,29576,15640,-0.04
5/24/2016,29306,29580,29651,29283,22800,-1.27
5/25/2016,28945,29278,29278,28884,26950,-1.23
5/26/2016,28729,28996,29157,28705,26940,-0.75
5/27/2016,28590,28840,28840,28547,18290,-0.48
5/30/2016,28590,28430,28696,28400,12970,0
5/31/2016,28610,28596,28719,28541,10870,0.07
6/1/2016,28626,28531,28800,28500,2600,0.06
6/2/2016,28554,28616,28715,28530,350,-0.25
6/3/2016,29216,28703,29410,28540,330,2.32
6/6/2016,29329,29287,29376,29220,12970,0.39
6/7/2016,29239,29243,29325,29062,13480,-0.31
6/8/2016,29491,29275,29572,29275,15920,0.86
6/9/2016,29757,29521,29777,29452,18020,0.9
6/10/2016,29851,29760,29900,29624,15500,0.32
6/13/2016,30181,29894,30220,29894,19270,1.11
6/14/2016,30357,30141,30385,30042,19070,0.58
6/15/2016,30262,30300,30339,30132,14900,-0.31
6/16/2016,30392,30302,30985,30237,34140,0.43
6/17/2016,30373,30320,30415,30091,18370,-0.06
6/20/2016,30478,30262,30505,30132,21900,0.35
6/21/2016,30072,30357,30402,30026,20450,-1.33
6/22/2016,29898,30054,30054,29835,16550,-0.58
6/23/2016,29686,29879,29953,29641,22540,-0.71
6/24/2016,31131,29835,32357,29835,48210,4.87
6/27/2016,31218,31192,31387,31135,19520,0.28
6/28/2016,30999,31016,31085,30859,14940,-0.7
6/29/2016,30986,31096,31146,30920,14490,-0.04
6/30/2016,30851,30905,30949,30812,10660,-0.44
7/1/2016,31077,31096,31220,31010,4140,0.73
7/4/2016,31396,31390,31484,31267,4730,1.03
7/5/2016,30841,31306,31570,30500,640,-1.77
7/6/2016,32018,31948,32350,31948,12410,3.82
7/7/2016,31817,32011,32090,31653,23880,-0.63
7/8/2016,31657,31832,31833,31284,25970,-0.5
7/11/2016,31524,31750,31888,31482,15150,-0.42
7/12/2016,31001,31561,31577,30951,22100,-1.66
7/13/2016,31225,31120,31260,31064,16800,0.72
7/14/2016,30895,31199,31199,30711,26760,-1.06
7/15/2016,30922,30822,31038,30782,24110,0.09
7/18/2016,30950,30850,31028,30810,17940,0.09
7/19/2016,31021,31000,31041,30871,13330,0.23
7/20/2016,30666,31045,31050,30631,19820,-1.14
7/21/2016,30940,30611,30970,30553,21330,0.89
7/22/2016,30794,30939,30939,30730,14220,-0.47
7/25/2016,30814,30701,30849,30620,14750,0.06
7/26/2016,30822,30796,30880,30711,14210,0.03
7/27/2016,30878,30786,30930,30690,14320,0.18
7/28/2016,30795,30928,31180,30740,18990,-0.27
7/29/2016,31099,30943,31139,30812,16740,0.99
8/1/2016,31011,31000,31118,30950,5270,-0.28
8/2/2016,31282,31000,31322,30993,1240,0.87
8/3/2016,31199,31302,31439,31158,350,-0.27
8/4/2016,31317,31105,31360,31072,60,0.38
8/5/2016,30779,31310,31380,30738,430,-1.72
8/8/2016,30998,31031,31031,30863,11130,0.71
8/9/2016,31133,30942,31165,30891,12600,0.44
8/10/2016,31219,31180,31385,31120,14450,0.28
8/11/2016,31171,31160,31316,31082,14960,-0.15
8/12/2016,31080,31100,31400,30990,19750,-0.29
8/16/2016,31349,31120,31440,31120,16050,0.87
8/17/2016,31314,31265,31349,31185,10410,-0.11
8/18/2016,31411,31400,31447,31302,9810,0.31
8/19/2016,31365,31341,31466,31252,16520,-0.15
8/22/2016,31395,31310,31428,31191,12100,0.1
8/23/2016,31373,31372,31414,31285,10230,-0.07
8/24/2016,31049,31319,31364,31000,13550,-1.03
8/25/2016,30945,31042,31062,30884,9050,-0.33
8/26/2016,31023,30967,31335,30941,17460,0.25
8/29/2016,31077,31000,31115,30876,9590,0.17
8/30/2016,30840,31069,31069,30820,7240,-0.76
8/31/2016,30746,30891,30906,30711,6820,-0.3
9/1/2016,30710,30757,30822,30611,1250,-0.12
9/2/2016,30900,30800,30971,30610,280,0.62
9/5/2016,31025,31000,31060,30960,2480,0.4
9/6/2016,31401,31055,31431,30968,14610,1.21
9/7/2016,31336,31444,31482,31280,12680,-0.21
9/8/2016,31239,31313,31410,31188,12940,-0.31
9/9/2016,31261,31256,31335,31166,11470,0.07
9/12/2016,31087,31332,31332,31041,14030,-0.56
9/13/2016,31141,31130,31218,31087,7060,0.17
9/14/2016,31100,31100,31159,31066,8480,-0.13
9/15/2016,30950,31149,31249,30850,17170,-0.48
9/16/2016,30851,30930,30961,30831,8840,-0.32
9/19/2016,30936,30941,31010,30915,8320,0.28
9/20/2016,30892,30989,31027,30847,10830,-0.14
9/21/2016,31207,30948,31235,30800,18510,1.02
9/22/2016,31335,31284,31373,31181,13720,0.41
9/23/2016,31288,31271,31334,31220,9700,-0.15
9/26/2016,31351,31251,31369,31224,9620,0.2
9/27/2016,31003,31290,31290,30986,13080,-1.11
9/28/2016,30963,31002,31051,30882,8990,-0.13
9/29/2016,31224,30951,31243,30950,12640,0.84
9/30/2016,30814,31119,31287,30767,9470,-1.31
10/3/2016,30749,30841,31000,30695,1890,-0.21
10/4/2016,30068,30705,30872,30030,230,-2.21
10/5/2016,30004,30215,30350,29925,70,-0.21
10/6/2016,29615,29861,29982,29582,14160,-1.3
10/7/2016,29591,29700,29898,29355,19550,-0.08
10/10/2016,29662,29700,29900,29634,10710,0.24
10/11/2016,29712,29611,29776,29611,3930,0.17
10/12/2016,29662,29680,29742,29579,4850,-0.17
10/13/2016,29697,29700,29873,29682,10060,0.12
10/14/2016,29638,29748,29749,29454,11880,-0.2
10/17/2016,29675,29651,29707,29584,6550,0.12
10/18/2016,29773,29700,29830,29671,11120,0.33
10/19/2016,29883,29760,29969,29740,10190,0.37
10/20/2016,29891,29950,30049,29857,10010,0.03
10/21/2016,29936,29835,29960,29800,7310,0.15
10/24/2016,29820,29910,29980,29766,12860,-0.39
10/25/2016,30034,29852,30090,29716,8200,0.72
10/26/2016,29913,30053,30151,29880,8050,-0.4
10/27/2016,30054,29910,30080,29910,5850,0.47
10/28/2016,30131,30045,30181,29710,12750,0.26
10/30/2016,30151,30120,30160,30113,940,0.07
10/31/2016,30057,30155,30155,30001,2100,-0.31
11/1/2016,30329,30073,30385,30062,2260,0.9
11/2/2016,30759,30489,30804,30425,870,1.42
11/3/2016,30674,30663,30700,30300,330,-0.28
11/4/2016,30689,30566,30770,30550,150,0.05
11/7/2016,30118,30515,30515,30070,13030,-1.86
11/8/2016,29899,30149,30400,29766,19270,-0.73
11/9/2016,29961,30191,31407,29900,42740,0.21
11/10/2016,29986,30000,30243,29868,15670,0.08
11/11/2016,29461,29881,30022,29333,17730,-1.75
11/14/2016,29676,29351,29797,29331,9520,0.73
11/15/2016,29391,29640,29650,29270,10540,-0.96
11/16/2016,29463,29519,29590,29387,8170,0.24
11/17/2016,29185,29442,29462,29139,9520,-0.94
11/18/2016,29005,29170,29170,28838,11520,-0.62
11/21/2016,29197,29039,29295,29009,7820,0.66
11/22/2016,29182,29260,29293,29101,6680,-0.05
11/23/2016,28885,29241,29254,28767,10850,-1.02
11/24/2016,28816,28806,28859,28700,7080,-0.24
11/25/2016,28671,28701,28750,28331,13010,-0.5
11/28/2016,28793,28980,29068,28700,8360,0.43
11/29/2016,28853,28763,28896,28680,7060,0.21
11/30/2016,28428,28789,28845,28267,9710,-1.47
12/1/2016,28062,28450,28450,27951,2100,-1.29
12/2/2016,28445,28310,28450,28300,820,1.36
12/5/2016,28236,28435,28530,27950,460,-0.73
12/6/2016,27944,28151,28192,27911,8660,-1.03
12/7/2016,28043,27944,28134,27924,9900,0.35
12/8/2016,27896,28022,28063,27875,8560,-0.52
12/9/2016,27701,27845,27885,27671,8950,-0.7
12/12/2016,27843,27670,27927,27551,8950,0.51
12/13/2016,27710,27766,27828,27650,7070,-0.48
12/14/2016,27746,27750,27826,27713,7060,0.13
12/15/2016,27130,27730,27730,27021,18560,-2.22
12/16/2016,27308,27140,27414,27101,13480,0.66
12/19/2016,27392,27400,27420,27289,7230,0.31
12/20/2016,27262,27328,27351,27153,10670,-0.47
12/21/2016,27103,27282,27336,27081,9460,-0.58
12/22/2016,27152,27077,27293,26980,11290,0.18
12/23/2016,27186,27126,27220,27072,6300,0.13
12/26/2016,27241,27170,27280,27101,3070,0.2
12/27/2016,27431,27199,27720,27199,10790,0.7
12/28/2016,27539,27575,27590,27441,5900,0.39
12/29/2016,27810,27580,27837,27580,7750,0.98
12/30/2016,27700,27840,27889,27670,8350,-0.4
1/2/2017,27828,27673,27860,27670,1430,0.46
1/3/2017,28102,27860,28134,27770,960,0.98
1/4/2017,28085,28080,28158,27987,720,-0.06
1/5/2017,28890,28269,28925,28183,230,2.87
1/6/2017,27960,28001,28099,27870,12120,-3.22
1/9/2017,28124,28080,28150,27903,9480,0.59
1/10/2017,28210,28132,28326,28083,11750,0.31
1/11/2017,28353,28234,28399,28155,13180,0.51
1/12/2017,28463,28398,28565,28392,12930,0.39
1/13/2017,28440,28469,28482,28301,11160,-0.08
1/16/2017,28601,28564,28691,28557,8010,0.57
1/17/2017,28797,28620,28824,28620,13350,0.69
1/18/2017,28852,28830,28875,28736,9250,0.19
1/19/2017,28588,28738,28738,28515,12640,-0.92
1/20/2017,28685,28680,28790,28583,11510,0.34
1/23/2017,28876,28798,28920,28781,9610,0.67
1/24/2017,28815,28863,28875,28780,6700,-0.21
1/25/2017,28472,28750,28750,28322,11580,-1.19
1/27/2017,28449,28387,28480,28171,10480,-0.08
1/30/2017,28642,28479,28688,28420,7210,0.68
1/31/2017,29172,28700,29233,28700,7610,1.85
2/1/2017,28981,29155,29463,28811,4270,-0.65
2/2/2017,29064,29150,29175,28950,380,0.29
2/3/2017,29166,29030,29494,28900,240,0.35
2/6/2017,29202,28965,29224,28965,10160,0.12
2/7/2017,29348,29250,29370,29215,11600,0.5
2/8/2017,29371,29325,29445,29258,10850,0.08
2/9/2017,29115,29349,29419,29080,12950,-0.87
2/10/2017,29195,29050,29222,28875,11840,0.27
2/13/2017,29057,29116,29199,28981,8230,-0.47
2/14/2017,29027,29088,29210,28977,11120,-0.1
2/15/2017,29138,29030,29166,28880,11100,0.38
2/16/2017,29377,29186,29438,29173,12510,0.82
2/17/2017,29359,29327,29412,29290,9650,-0.06
2/20/2017,29324,29330,29356,29189,5980,-0.12
2/21/2017,29314,29230,29334,29088,10550,-0.03
2/22/2017,29223,29285,29349,29190,8980,-0.31
2/23/2017,29440,29245,29464,29217,12210,0.74
2/24/2017,29613,29481,29635,29481,6280,0.59
2/27/2017,29732,29575,29757,29532,7870,0.4
2/28/2017,29592,29705,29705,29532,8540,-0.47
3/1/2017,29529,29455,29595,29118,2230,-0.21
3/2/2017,29204,29499,29500,29161,430,-1.1
3/3/2017,29442,29300,30079,29051,210,0.81
3/6/2017,28979,29100,29218,28960,10370,-1.57
3/7/2017,28791,28969,28979,28765,10090,-0.65
3/8/2017,28660,28799,28806,28622,9370,-0.46
3/9/2017,28491,28610,28639,28440,10850,-0.59
3/10/2017,28417,28420,28523,28305,11570,-0.26
3/13/2017,28291,28436,28436,28263,4310,-0.44
3/14/2017,28100,28349,28349,28080,10240,-0.68
3/15/2017,28019,28050,28058,27932,10780,-0.29
3/16/2017,28436,28090,28594,28090,14140,1.49
3/17/2017,28528,28498,28550,28461,7110,0.32
3/20/2017,28518,28580,28630,28487,7810,-0.04
3/21/2017,28853,28462,28893,28391,14910,1.17
3/22/2017,28886,28801,28993,28801,11120,0.11
3/23/2017,28816,28829,28960,28751,11080,-0.24
3/24/2017,28809,28750,28840,28714,7950,-0.02
3/27/2017,28839,28850,28985,28800,9090,0.1
3/28/2017,28872,28839,28910,28784,7330,0.11
3/29/2017,28762,28792,28792,28687,6690,-0.38
3/30/2017,28559,28716,28764,28525,8220,-0.71
3/31/2017,28612,28511,28688,28480,6930,0.19
4/3/2017,28720,28607,28790,28580,1450,0.38
4/4/2017,28960,28975,29064,28878,90,0.84
4/5/2017,28617,28803,29019,28535,330,-1.18
4/6/2017,28697,28878,28991,28675,8810,0.28
4/7/2017,28650,28750,28989,28607,13730,-0.16
4/10/2017,28699,28651,28765,28560,7970,0.17
4/11/2017,29149,28750,29183,28725,13440,1.57
4/12/2017,29189,29150,29265,29132,9960,0.14
4/13/2017,29358,29270,29393,29238,9670,0.58
4/17/2017,29392,29389,29433,29325,8039,0.12
4/18/2017,29518,29370,29540,29227,13290,0.43
4/19/2017,29313,29425,29425,29200,10300,-0.69
4/20/2017,29308,29250,29350,29220,9340,-0.02
4/21/2017,29432,29282,29460,29240,8980,0.42
4/24/2017,29128,29290,29290,28935,12030,-1.03
4/25/2017,28827,29090,29090,28802,9720,-1.03
4/26/2017,28757,28800,28837,28671,9060,-0.24
4/27/2017,28784,28805,28848,28720,7610,0.09
4/28/2017,28872,28843,28925,28800,6440,0.31
5/1/2017,28654,28834,28868,28600,1640,-0.76
5/2/2017,28571,28664,28680,28530,490,-0.29
5/3/2017,28571,28630,28640,28459,90,0
5/4/2017,28060,28400,28482,28025,80,-1.79
5/5/2017,28184,28136,28382,28135,60,0.44
5/8/2017,28119,28145,28255,28097,7850,-0.23
5/9/2017,27981,28125,28192,27947,10100,-0.49
5/10/2017,28007,28060,28146,27981,9280,0.09
5/11/2017,28022,27995,28100,27945,9720,0.05
5/12/2017,28019,28088,28195,27985,9480,-0.01
5/15/2017,28008,28049,28157,27996,8760,-0.04
5/16/2017,28109,28025,28159,28025,7730,0.36
5/17/2017,28614,28170,28638,28170,15920,1.8
5/18/2017,28710,28666,28980,28551,23800,0.34
5/19/2017,28634,28660,28779,28531,13160,-0.26
5/22/2017,28783,28590,28799,28568,9310,0.52
5/23/2017,28808,28804,28930,28740,12500,0.09
5/24/2017,28719,28770,28770,28650,8690,-0.31
5/25/2017,28638,28769,28770,28600,9930,-0.28
5/26/2017,28847,28694,28866,28674,9520,0.73
5/29/2017,28874,28843,28928,28807,4560,0.09
5/30/2017,28704,28921,28960,28680,9880,-0.59
5/31/2017,28905,28683,28950,28628,7830,0.7
6/1/2017,28749,28877,28877,28712,1770,-0.54
6/2/2017,28949,28685,29011,28680,310,0.7
6/5/2017,29111,29045,29180,29045,710,0.56
6/6/2017,29481,29220,29499,29216,11140,1.27
6/7/2017,29376,29439,29485,29310,9820,-0.36
6/8/2017,29049,29319,29345,28951,12950,-1.11
6/9/2017,28938,29001,29009,28836,8980,-0.38
6/12/2017,28917,28905,28971,28851,7770,-0.07
6/13/2017,28862,28907,28916,28711,7710,-0.19
6/14/2017,28946,28890,29025,28802,9370,0.29
6/15/2017,28686,28890,28890,28640,11430,-0.9
6/16/2017,28616,28697,28718,28600,6780,-0.24
6/19/2017,28473,28593,28593,28460,7550,-0.5
6/20/2017,28475,28470,28530,28420,7690,0.01
6/21/2017,28495,28539,28575,28403,9080,0.07
6/22/2017,28557,28530,28670,28519,7480,0.22
6/23/2017,28648,28596,28782,28596,7100,0.32
6/26/2017,28426,28302,28440,28264,4610,-0.77
6/27/2017,28483,28411,28572,28401,7630,0.2
6/28/2017,28485,28569,28660,28461,7730,0.01
6/29/2017,28527,28522,28550,28380,7940,0.15
6/30/2017,28295,28505,28505,28168,8400,-0.81
7/3/2017,27952,28300,28300,27925,3240,-1.21
7/4/2017,28043,27956,28169,27956,1260,0.33
7/5/2017,28051,28120,28155,27845,900,0.03
7/6/2017,28143,28200,28237,28111,10570,0.33
7/7/2017,27812,28101,28140,27754,16370,-1.18
7/10/2017,27840,27835,27887,27620,13130,0.1
7/11/2017,27871,27805,27929,27702,11020,0.11
7/12/2017,27889,27919,28033,27840,10470,0.06
7/13/2017,27868,27945,27968,27851,7670,-0.08
7/14/2017,28022,27850,28150,27753,14380,0.55
7/17/2017,28147,28050,28173,28050,7520,0.45
7/18/2017,28280,28160,28299,28160,9350,0.47
7/19/2017,28270,28270,28285,28150,8470,-0.04
7/20/2017,28345,28220,28380,28155,11270,0.27
7/21/2017,28541,28333,28559,28300,9540,0.69
7/24/2017,28530,28531,28612,28480,7970,-0.04
7/25/2017,28490,28535,28584,28410,11130,-0.14
7/26/2017,28396,28462,28462,28320,8090,-0.33
7/27/2017,28477,28455,28613,28376,10460,0.29
7/28/2017,28596,28533,28620,28405,8240,0.42
7/31/2017,28588,28572,28628,28510,6200,-0.03
8/1/2017,28514,28623,28623,28447,2230,-0.26
8/2/2017,28486,28451,28586,28373,580,-0.1
8/3/2017,28447,28400,28500,28299,480,-0.14
8/4/2017,28373,28525,28585,28355,70,-0.26
8/7/2017,28419,28332,28437,28320,3950,0.16
8/8/2017,28357,28416,28497,28283,7400,-0.22
8/9/2017,28800,28415,28821,28415,11580,1.56
8/10/2017,29130,28845,29173,28845,12400,1.15
8/11/2017,29158,29147,29300,29032,11320,0.1
8/14/2017,29042,29100,29116,28982,7740,-0.4
8/16/2017,28878,28978,28978,28727,10490,-0.56
8/17/2017,29093,28900,29174,28800,9730,0.74
8/18/2017,29109,29070,29380,29013,12430,0.05
8/21/2017,29224,29050,29248,29030,7420,0.4
8/22/2017,29061,29200,29200,28980,8750,-0.56
8/23/2017,29090,29063,29148,29023,7270,0.1
8/24/2017,29021,29051,29107,28980,7170,-0.24
8/25/2017,29086,29001,29134,28716,7040,0.22
8/28/2017,29425,29101,29440,29095,9560,1.17
8/29/2017,29588,29469,29810,29425,11070,0.55
8/30/2017,29540,29640,29640,29405,8460,-0.16
8/31/2017,29756,29430,29832,29421,6940,0.73
9/1/2017,29788,29687,29941,29671,1150,0.11
9/4/2017,30174,30187,30250,29800,270,1.3
9/5/2017,30226,30389,30421,30010,190,0.17
9/6/2017,30088,30200,30298,30055,12400,-0.46
9/7/2017,30287,30050,30348,30010,14460,0.66
9/8/2017,30271,30350,30470,30221,13380,-0.05
9/11/2017,29942,30187,30187,29888,12580,-1.09
9/12/2017,29953,29910,29977,29830,9390,0.04
9/13/2017,29896,30011,30077,29841,10610,-0.19
9/14/2017,30020,29831,30059,29775,12390,0.41
9/15/2017,29869,30063,30096,29840,11580,-0.5
9/18/2017,29561,29845,29845,29550,10850,-1.03
9/19/2017,29628,29521,29690,29521,8109,0.23
9/20/2017,29780,29660,29817,29660,8420,0.51
9/21/2017,29584,29620,29680,29450,13180,-0.66
9/22/2017,29608,29660,29767,29586,8540,0.08
9/25/2017,30065,29580,30150,29525,13450,1.54
9/26/2017,29885,30129,30195,29802,11900,-0.6
9/27/2017,29673,29861,29944,29644,10370,-0.71
9/28/2017,29624,29650,29706,29530,7990,-0.17
9/29/2017,29549,29615,29740,29430,7490,-0.25
10/3/2017,29400,29420,29456,29352,1530,-0.5
10/4/2017,29331,29479,29513,29258,230,-0.23
10/5/2017,29412,29469,29469,29361,60,0.28
10/6/2017,29510,29325,29540,29274,11300,0.33
10/9/2017,29670,29540,29718,29540,6170,0.54
10/10/2017,29768,29700,29798,29700,6980,0.33
10/11/2017,29659,29717,29770,29638,5430,-0.37
10/12/2017,29756,29725,29840,29692,6880,0.33
10/13/2017,29800,29750,29817,29660,7310,0.15
10/16/2017,29808,29809,29896,29790,5770,0.03
10/17/2017,29565,29751,29751,29550,8270,-0.82
10/18/2017,29536,29640,29643,29504,5080,-0.1
10/19/2017,29654,29600,29669,29593,1700,0.4
10/20/2017,29541,29600,29622,29524,3220,-0.38
10/23/2017,29499,29502,29550,29364,7210,-0.14
10/24/2017,29498,29515,29537,29444,5500,0
10/25/2017,29362,29475,29475,29275,8109,-0.46
10/26/2017,29236,29375,29443,29211,8370,-0.43
10/27/2017,29272,29223,29299,29169,6530,0.12
10/30/2017,29349,29263,29369,29204,4820,0.26
10/31/2017,29040,29300,29337,28958,5800,-1.05
11/1/2017,29120,29048,29260,28991,2160,0.28
11/2/2017,29242,29301,29318,29168,340,0.42
11/3/2017,29191,29230,29456,29002,50,-0.17
11/6/2017,29363,29130,29388,29130,7660,0.59
11/7/2017,29457,29349,29490,29333,8210,0.32
11/8/2017,29562,29451,29600,29438,7900,0.36
11/9/2017,29670,29530,29689,29466,9360,0.37
11/10/2017,29508,29640,29700,29468,9680,-0.55
11/13/2017,29619,29504,29636,29473,6190,0.38
11/14/2017,29620,29550,29660,29411,10220,0
11/15/2017,29528,29600,29740,29512,9840,-0.31
11/16/2017,29491,29544,29555,29452,7790,-0.13
11/17/2017,29658,29462,29689,29361,9900,0.57
11/20/2017,29339,29700,29729,29268,10650,-1.08
11/21/2017,29334,29410,29425,29277,7660,-0.02
11/22/2017,29504,29341,29525,29280,7800,0.58
11/23/2017,29420,29475,29510,29393,5780,-0.28
11/24/2017,29375,29475,29500,29357,5800,-0.15
11/27/2017,29460,29450,29510,29402,6550,0.29
11/28/2017,29381,29450,29456,29359,5800,-0.27
11/29/2017,29215,29430,29441,29188,5890,-0.56
11/30/2017,28992,29287,29287,28927,6540,-0.76
12/1/2017,29217,29045,29344,29038,2160,0.78
12/4/2017,29059,29021,29200,28970,90,-0.54
12/5/2017,28893,29095,29170,28865,50,-0.57
12/6/2017,28972,28950,29039,28922,6380,0.27
12/7/2017,28670,28932,28932,28653,7380,-1.04
12/8/2017,28588,28650,28650,28500,8420,-0.29
12/11/2017,28429,28550,28573,28412,5920,-0.56
12/12/2017,28318,28432,28475,28271,7580,-0.39
12/13/2017,28377,28350,28445,28320,4660,0.21
12/14/2017,28500,28434,28589,28421,6630,0.43
12/15/2017,28441,28474,28559,28395,5540,-0.21
12/18/2017,28663,28492,28683,28470,6170,0.78
12/19/2017,28555,28656,28680,28535,5950,-0.38
12/20/2017,28617,28618,28658,28557,6070,0.22
12/21/2017,28596,28645,28665,28542,5630,-0.07
12/22/2017,28757,28560,28790,28560,6080,0.56
12/26/2017,28924,28796,28933,28778,4330,0.58
12/27/2017,29092,28890,29110,28888,5160,0.58
12/28/2017,29171,29150,29220,29099,5060,0.27
12/29/2017,29372,29202,29400,29134,6930,0.69
1/1/2018,29324,29332,29385,29275,1580,-0.16
1/2/2018,29392,29332,29463,29332,1700,0.23
1/3/2018,29481,29385,29492,29385,190,0.3
1/4/2018,29472,29365,29475,29276,200,-0.03
1/5/2018,29465,29500,29550,29440,190,-0.02
1/8/2018,29270,29235,29290,29176,5900,-0.66
1/9/2018,29173,29265,29278,29153,5420,-0.33
1/10/2018,29343,29155,29444,29123,10830,0.58
1/11/2018,29404,29338,29420,29315,5810,0.21
1/12/2018,29553,29425,29590,29425,9230,0.51
1/15/2018,29763,29590,29785,29590,6000,0.71
1/16/2018,29830,29780,29860,29754,8690,0.23
1/17/2018,29761,29876,29884,29705,6830,-0.23
1/18/2018,29644,29702,29702,29501,9530,-0.39
1/19/2018,29743,29615,29775,29600,5950,0.33
1/22/2018,29806,29701,29825,29701,5520,0.21
1/23/2018,29876,29836,29924,29752,7020,0.23
1/24/2018,30244,29907,30290,29879,11080,1.23
1/25/2018,30367,30310,30476,30185,9880,0.41
1/29/2018,30074,30285,30285,30004,8630,-0.96
1/30/2018,30052,30000,30197,29960,6810,-0.07
1/31/2018,30064,30085,30172,29976,5480,0.04
2/1/2018,30512,30125,30550,30050,1810,1.49
2/2/2018,30399,30780,30817,30200,660,-0.37
2/5/2018,30286,30385,30498,30008,190,-0.37
2/6/2018,30182,30320,30650,30160,12070,-0.34
2/7/2018,29976,30219,30259,29950,8730,-0.68
2/8/2018,30103,29905,30147,29783,11100,0.42
2/9/2018,29999,30060,30110,29889,9200,-0.35
2/12/2018,30133,30102,30175,30017,6400,0.45
2/13/2018,30195,30170,30221,30091,3530,0.21
2/14/2018,30605,30220,30693,30066,12870,1.36
2/15/2018,30549,30612,30644,30501,7630,-0.18
2/16/2018,30785,30600,30811,30600,8670,0.77
2/19/2018,30715,30717,30777,30678,4030,-0.23
2/20/2018,30524,30668,30737,30505,9250,-0.62
2/21/2018,30459,30500,30516,30371,7080,-0.21
2/22/2018,30564,30450,30580,30380,6530,0.34
2/23/2018,30492,30497,30508,30426,5140,-0.24
2/26/2018,30518,30520,30620,30492,5840,0.09
2/27/2018,30306,30518,30597,30270,7860,-0.69
2/28/2018,30423,30319,30475,30277,5120,0.39
3/1/2018,30181,30307,30372,30111,1470,-0.8
3/2/2018,30473,30445,30575,30400,150,0.97
3/5/2018,30429,30400,30535,30310,180,-0.14
3/6/2018,30568,30400,30669,30365,10810,0.46
3/7/2018,30461,30620,30639,30404,10100,-0.35
3/8/2018,30436,30491,30533,30390,7750,-0.08
3/9/2018,30408,30413,30474,30290,10960,-0.09
3/12/2018,30340,30380,30432,30284,7370,-0.22
3/13/2018,30387,30350,30409,30222,10980,0.15
3/14/2018,30413,30399,30545,30364,9560,0.09
3/15/2018,30314,30456,30474,30288,8330,-0.33
3/16/2018,30251,30275,30364,30184,10020,-0.21
3/19/2018,30432,30222,30453,30129,11620,0.6
3/20/2018,30284,30393,30393,30220,9130,-0.49
3/21/2018,30464,30310,30539,30284,11320,0.59
3/22/2018,30506,30522,30615,30472,11330,0.14
3/23/2018,30901,30550,30947,30550,13640,1.29
3/26/2018,30889,30840,30915,30771,7330,-0.04
3/27/2018,30717,30871,30888,30685,9460,-0.56
3/28/2018,30518,30732,30750,30490,8560,-0.65
3/29/2018,30426,30482,30578,30403,3200,-0.3
4/2/2018,30961,30580,31080,30510,1380,1.76
4/3/2018,30625,30893,30893,30552,330,-1.09
4/4/2018,30886,30660,30972,30600,70,0.85
4/5/2018,30505,31500,31500,30450,60,-1.23
4/6/2018,30605,30571,30650,30413,13420,0.33
4/9/2018,30675,30600,30693,30556,7600,0.23
4/10/2018,30798,30613,30819,30585,8760,0.4
4/11/2018,31244,30820,31422,30820,18120,1.45
4/12/2018,30897,31176,31217,30857,13210,-1.11
4/13/2018,31005,30922,31075,30770,9890,0.35
4/16/2018,31167,31055,31227,31050,8090,0.52
4/17/2018,31257,31139,31280,31089,9190,0.29
4/18/2018,31410,31243,31483,31177,9900,0.49
4/19/2018,31479,31449,31517,31305,8780,0.22
4/20/2018,31314,31405,31440,31285,6020,-0.52
4/23/2018,31164,31300,31300,31110,6670,-0.48
4/24/2018,31262,31160,31280,31068,6350,0.31
4/25/2018,31301,31298,31324,31215,6170,0.12
4/26/2018,31158,31251,31276,31112,6270,-0.46
4/27/2018,31129,31101,31189,31047,6100,-0.09
4/30/2018,30947,31090,31090,30892,6380,-0.58
5/1/2018,30874,30855,30917,30735,860,-0.24
5/2/2018,30926,31020,31350,30860,500,0.17
5/3/2018,31003,30925,31146,30861,210,0.25
5/4/2018,31068,30907,31154,30907,130,0.21
5/7/2018,31247,31125,31300,31125,6160,0.58
5/8/2018,31200,31220,31238,31075,8690,-0.15
5/9/2018,31303,31219,31364,31156,9930,0.33
5/10/2018,31352,31338,31470,31231,10730,0.16
5/11/2018,31500,31340,31545,31340,8840,0.47
5/14/2018,31496,31450,31544,31380,7900,-0.01
5/15/2018,31186,31425,31499,31172,14510,-0.98
5/16/2018,31007,31171,31171,30941,10730,-0.57
5/17/2018,30986,31001,31001,30852,8540,-0.07
5/18/2018,31093,30971,31115,30950,7380,0.35
5/21/2018,31114,31035,31139,30925,8029,0.07
5/22/2018,31111,31025,31173,31005,7330,-0.01
5/23/2018,31186,31121,31369,31103,11980,0.24
5/24/2018,31461,31241,31486,31235,11060,0.88
5/25/2018,31194,31370,31427,31172,10050,-0.85
5/28/2018,30971,31150,31150,30885,6810,-0.71
5/29/2018,31184,31020,31320,31020,12380,0.69
5/30/2018,31030,31120,31123,30937,9140,-0.49
5/31/2018,30882,31050,31120,30837,6070,-0.48
6/1/2018,30568,30796,30839,30458,2070,-1.02
6/4/2018,30708,30650,30812,30580,340,0.46
6/5/2018,30699,30673,30935,30656,80,-0.03
6/6/2018,30755,30876,30913,30720,6330,0.18
6/7/2018,31055,30820,31075,30789,8210,0.98
6/8/2018,31076,31011,31196,30950,8180,0.07
6/11/2018,31035,31070,31083,30920,7520,-0.13
6/12/2018,30952,31001,31001,30873,6950,-0.27
6/13/2018,30952,30936,30994,30920,3910,0
6/14/2018,31145,30973,31178,30973,8590,0.62
6/15/2018,30804,31180,31195,30755,11170,-1.09
6/18/2018,30773,30799,30836,30721,4810,-0.1
6/19/2018,30702,30848,30899,30673,7270,-0.23
6/20/2018,30605,30680,30702,30580,4930,-0.32
6/21/2018,30451,30575,30575,30367,6940,-0.5
6/22/2018,30498,30410,30554,30387,6810,0.15
6/25/2018,30540,30500,30648,30500,4980,0.14
6/26/2018,30480,30512,30574,30335,6410,-0.2
6/27/2018,30606,30466,30631,30435,6000,0.41
6/28/2018,30431,30588,30604,30408,4320,-0.57
6/29/2018,30363,30404,30449,30288,5610,-0.22
7/2/2018,30153,30380,30412,30000,2260,-0.69
7/3/2018,30469,30185,30600,30100,190,1.05
7/4/2018,30510,30463,30550,30463,40,0.13
7/5/2018,30541,30600,30640,30495,20,0.1
7/6/2018,30582,30650,30740,30570,4840,0.13
7/9/2018,30638,30613,30788,30613,7260,0.18
7/10/2018,30551,30663,30679,30436,7520,-0.28
7/11/2018,30344,30502,30545,30325,6020,-0.68
7/12/2018,30175,30315,30315,30161,7750,-0.56
7/13/2018,30131,30169,30210,30035,7170,-0.15
7/16/2018,30103,30151,30248,30074,5560,-0.09
7/17/2018,29757,30102,30120,29740,9280,-1.15
7/18/2018,29799,29999,29999,29671,7920,0.14
7/19/2018,29913,29671,29968,29624,8400,0.38
7/20/2018,29957,29788,29977,29767,7070,0.15
7/23/2018,29914,29922,30043,29862,7100,-0.14
7/24/2018,29912,29860,29978,29780,7690,-0.01
7/25/2018,29959,29867,30035,29835,7580,0.16
7/26/2018,29836,29912,29952,29816,5770,-0.41
7/27/2018,29805,29960,29960,29682,7530,-0.1
7/30/2018,29755,29726,29782,29700,4900,-0.17
7/31/2018,29638,29730,29740,29561,6630,-0.39
8/1/2018,29462,29591,29670,29441,2140,-0.59
8/2/2018,29520,29532,29638,29477,920,0.2
8/3/2018,29800,29520,29900,29425,110,0.95
8/6/2018,29563,29656,29656,29538,4019,-0.8
8/7/2018,29534,29604,29668,29520,5980,-0.1
8/8/2018,29544,29560,29630,29500,6450,0.03
8/9/2018,29605,29565,29665,29529,5580,0.21
8/10/2018,29706,29625,29744,29540,7310,0.34
8/13/2018,29665,29750,29836,29644,7720,-0.14
8/14/2018,29664,29665,29740,29575,4990,0
8/16/2018,29275,29615,29615,29222,10270,-1.31
8/17/2018,29275,29291,29375,29184,6000,0
8/20/2018,29435,29388,29459,29350,5660,0.55
8/21/2018,29542,29460,29565,29436,6270,0.36
8/22/2018,29627,29450,29733,29450,4610,0.29
8/23/2018,29576,29666,29666,29490,5980,-0.17
8/24/2018,29882,29550,29900,29550,9030,1.03
8/27/2018,29973,29930,30045,29863,6670,0.3
8/28/2018,29981,30015,30170,29951,6780,0.03
8/29/2018,30144,29977,30168,29977,6080,0.54
8/30/2018,30131,30110,30269,30082,6310,-0.04
8/31/2018,30116,30224,30298,30055,5780,-0.05
9/3/2018,30327,30075,30448,30062,1440,0.7
9/4/2018,30221,30238,30300,30154,170,-0.35
9/5/2018,30310,30257,30494,30250,50,0.29
9/6/2018,30565,30366,30693,30366,14800,0.84
9/7/2018,30509,30643,30643,30405,9440,-0.18
9/10/2018,30725,30549,30748,30526,11420,0.71
9/11/2018,30732,30660,30744,30559,11400,0.02
9/12/2018,30664,30682,30779,30443,15880,-0.22
9/13/2018,30470,30576,30690,30450,6630,-0.63
9/14/2018,30453,30501,30648,30401,11820,-0.06
9/17/2018,30778,30509,30800,30509,13770,1.07
9/18/2018,30811,30710,30925,30652,11960,0.11
9/19/2018,30649,30821,30936,30634,13100,-0.53
9/20/2018,30623,30700,30700,30585,3970,-0.08
9/21/2018,30609,30731,30910,30455,15510,-0.05
9/24/2018,30862,30620,30899,30620,10490,0.83
9/25/2018,30838,30821,30864,30755,7690,-0.08
9/26/2018,30608,30824,30830,30587,9120,-0.75
9/27/2018,30356,30738,30738,30321,10280,-0.82
9/28/2018,30479,30398,30520,30264,8850,0.41
10/1/2018,30614,30399,30660,30376,2220,0.44
10/3/2018,31025,30890,31168,30889,190,1.34
10/4/2018,31136,31072,31164,31015,40,0.36
10/5/2018,31233,31101,31288,30985,70,0.31
10/8/2018,31096,31369,31389,31083,9960,-0.44
10/9/2018,31161,31200,31275,31115,7310,0.21
10/10/2018,31247,31235,31265,31151,6580,0.28
10/11/2018,31793,31300,31815,31250,17380,1.75
10/12/2018,31670,31699,31720,31574,10610,-0.39
10/15/2018,31877,31723,32075,31723,14310,0.65
10/16/2018,31701,31877,31957,31680,10710,-0.55
10/17/2018,31702,31670,31839,31635,8630,0
10/18/2018,31885,31670,31909,31638,5540,0.58
10/19/2018,31737,31805,31867,31703,7590,-0.46
10/22/2018,31729,31738,31749,31641,6730,-0.03
10/23/2018,31871,31721,32053,31721,13470,0.45
10/24/2018,31723,31820,31844,31585,9820,-0.46
10/25/2018,31683,31800,31912,31663,9540,-0.13
10/26/2018,31764,31779,31993,31725,13310,0.26
10/29/2018,31730,31847,31847,31692,6670,-0.11
10/30/2018,31725,31755,31789,31651,5960,-0.02
10/31/2018,31631,31650,31780,31590,5670,-0.3
11/1/2018,31783,31671,31818,31619,1580,0.48
11/2/2018,31737,31737,31999,31530,540,-0.14
11/5/2018,31783,31785,31898,31630,180,0.14
11/6/2018,31657,31718,31869,31641,9160,-0.4
11/7/2018,31602,31660,31678,31530,1800,-0.17
11/8/2018,31408,31551,31551,31234,6110,-0.61
11/9/2018,31023,31302,31383,30965,10710,-1.23
11/12/2018,31014,31106,31178,30975,7770,-0.03
11/13/2018,30778,31110,31110,30756,8280,-0.76
11/14/2018,30838,30700,30867,30620,7550,0.19
11/15/2018,30831,30830,30939,30753,8710,-0.02
11/16/2018,31017,30856,31158,30830,10100,0.6
11/19/2018,30888,31068,31068,30785,8150,-0.42
11/20/2018,30830,30811,30994,30800,8350,-0.19
11/21/2018,30839,30800,30910,30750,7740,0.03
11/22/2018,30613,30852,30899,30555,9810,-0.73
11/23/2018,30513,30551,30566,30427,4660,-0.33
11/26/2018,30574,30472,30672,30470,7680,0.2
11/27/2018,30423,30585,30648,30389,7860,-0.49
11/28/2018,30457,30400,30593,30270,8400,0.11
11/29/2018,30253,30399,30399,30210,6690,-0.67
11/30/2018,30186,30233,30320,30155,7630,-0.22
12/3/2018,30787,30322,30850,30257,1600,1.99
12/4/2018,30964,30874,31085,30874,80,0.57
12/5/2018,30926,30830,30970,30825,40,-0.12
12/6/2018,31005,31039,31196,30974,10550,0.26
12/7/2018,31440,31011,31480,30941,11240,1.4
12/10/2018,31895,31459,31966,31420,14090,1.45
12/11/2018,31812,31850,31850,31618,10530,-0.26
12/12/2018,31626,31749,31749,31582,7570,-0.58
12/13/2018,31414,31550,31600,31337,8430,-0.67
12/14/2018,31437,31440,31514,31384,6750,0.07
12/17/2018,31501,31369,31530,31291,5970,0.2
12/18/2018,31075,31589,31650,31041,10180,-1.35
12/19/2018,31139,31167,31500,30967,8760,0.21
12/20/2018,31219,31027,31250,30914,12970,0.26
12/21/2018,31126,31115,31292,31075,9910,-0.3
12/24/2018,31375,31300,31395,31177,8570,0.8
12/26/2018,31463,31430,31643,31400,10030,0.28
12/27/2018,31611,31499,31647,31426,8010,0.47
12/28/2018,31506,31576,31629,31462,6640,-0.33
12/31/2018,31489,31452,31583,31284,6600,-0.05
1/1/2019,31560,31550,31651,31410,680,0.23
1/2/2019,31934,31530,32500,31510,400,1.19
1/3/2019,31939,32000,32045,31836,170,0.02
1/4/2019,31679,32686,32686,31460,60,-0.81
1/7/2019,31652,31536,31748,31456,12800,-0.09
1/8/2019,31736,31616,31758,31572,10840,0.27
1/9/2019,31993,31685,32016,31639,14630,0.81
1/10/2019,31878,32090,32119,31855,13330,-0.36
1/11/2019,31924,31907,32065,31888,10560,0.14
1/14/2019,32130,32050,32194,31963,13650,0.65
1/15/2019,32169,32066,32273,32064,12590,0.12
1/16/2019,32272,32148,32299,32103,11360,0.32
1/17/2019,32253,32300,32363,32190,12920,-0.06
1/18/2019,32089,32295,32305,32052,12630,-0.51
1/21/2019,32039,32052,32184,31985,8900,-0.16
1/22/2019,32154,32030,32189,31949,12040,0.36
1/23/2019,32135,32105,32199,32060,10910,-0.06
1/24/2019,32016,32100,32147,31986,9550,-0.37
1/25/2019,32339,32057,32367,32019,13030,1.01
1/28/2019,32536,32383,32570,32383,10900,0.61
1/29/2019,32891,32570,32967,32530,13050,1.09
1/30/2019,32903,32900,32975,32807,9820,0.04
1/31/2019,33100,32937,33245,32903,10390,0.6
2/1/2019,33405,33119,33500,32997,3120,0.92
2/4/2019,33455,34247,34400,33285,420,0.15
2/5/2019,33381,33549,33549,33250,130,-0.22
2/6/2019,33222,33199,33378,33175,7270,-0.48
2/7/2019,33056,33169,33200,32951,10600,-0.5
2/8/2019,33125,33000,33142,32910,9430,0.21
2/11/2019,32931,33060,33082,32811,11150,-0.59
2/12/2019,32747,32915,32945,32721,9360,-0.56
2/13/2019,32909,32727,33028,32680,10850,0.49
2/14/2019,32970,32862,33000,32765,11450,0.19
2/15/2019,33263,32992,33280,32992,11790,0.89
2/18/2019,33463,33333,33484,33333,8880,0.6
2/19/2019,33753,33499,33797,33434,11910,0.87
2/20/2019,33719,33800,33877,33680,9090,-0.1
2/21/2019,33302,33630,33658,33265,14500,-1.24
2/22/2019,33369,33302,33413,33190,9550,0.2
2/25/2019,33159,33385,33398,33130,8440,-0.63
2/26/2019,33228,33225,33450,33205,9010,0.21
2/27/2019,33171,33300,33466,33138,9400,-0.17
2/28/2019,32902,33189,33260,32877,8130,-0.81
3/1/2019,32533,32857,32953,31915,1560,-1.12
3/4/2019,32505,32394,32601,32315,150,-0.09
3/5/2019,32015,33435,33440,32000,240,-1.51
3/6/2019,31954,32136,32300,31885,16710,-0.19
3/7/2019,31946,31959,31980,31800,14750,-0.03
3/8/2019,32174,31980,32235,31955,16620,0.71
3/11/2019,31915,32214,32214,31897,12410,-0.8
3/12/2019,32015,31906,32056,31885,12060,0.31
3/13/2019,32225,32088,32330,32088,13820,0.66
3/14/2019,31832,32274,32274,31813,17210,-1.22
3/15/2019,31853,31895,31960,31768,13200,0.07
3/18/2019,31685,31800,31815,31590,12270,-0.53
3/19/2019,31985,31750,32017,31691,14670,0.95
3/20/2019,31740,31961,31961,31704,14380,-0.77
3/21/2019,31842,31899,32064,31806,9410,0.32
3/22/2019,32155,31869,32184,31748,19210,0.98
3/25/2019,32223,32199,32245,32083,14020,0.21
3/26/2019,32113,32200,32200,32031,13040,-0.34
3/27/2019,32019,32101,32182,32000,17720,-0.29
3/28/2019,31624,31993,32030,31591,15060,-1.23
3/29/2019,31703,31600,31788,31510,11360,0.25
4/1/2019,31570,31588,31730,31542,4520,-0.42
4/2/2019,31535,31550,31590,31359,390,-0.11
4/3/2019,31450,31499,31607,31318,170,-0.27
4/4/2019,31503,31499,31549,31350,70,0.17
4/5/2019,31566,31535,31620,31400,60,0.2
4/8/2019,32076,31795,32155,31795,12900,1.62
4/9/2019,32098,32131,32171,32020,11010,0.07
4/10/2019,32174,32070,32197,31968,11740,0.24
4/11/2019,31663,32148,32148,31638,17110,-1.59
4/12/2019,31760,31721,31871,31705,11010,0.31
4/15/2019,31760,31710,31791,31570,8540,0
4/16/2019,31474,31700,31768,31453,14480,-0.9
4/17/2019,31410,31500,31525,31393,5650,-0.2
4/18/2019,31403,31474,31544,31355,9870,-0.02
4/22/2019,31531,31497,31697,31497,9890,0.41
4/23/2019,31525,31490,31566,31401,9920,-0.02
4/24/2019,31759,31480,31799,31450,12640,0.74
4/25/2019,31843,31750,31926,31641,11640,0.26
4/26/2019,31868,31851,31934,31705,9670,0.08
4/30/2019,31625,31800,31824,31597,6440,-0.76
5/1/2019,31563,31604,31657,31503,1550,-0.2
5/2/2019,31203,31420,31425,31160,480,-1.14
5/3/2019,31341,31250,31500,31163,80,0.44
5/6/2019,31578,31495,31659,31495,12070,0.76
5/7/2019,31739,31600,31758,31542,12370,0.51
5/8/2019,31697,31740,31930,31676,16670,-0.13
5/9/2019,31926,31749,32049,31719,18690,0.72
5/10/2019,31917,31895,32004,31790,15880,-0.03
5/13/2019,32499,31900,32538,31885,25010,1.82
5/14/2019,32248,32451,32451,32235,17750,-0.77
5/15/2019,32261,32300,32410,32165,17660,0.04
5/16/2019,31985,32261,32320,31931,18620,-0.86
5/17/2019,31809,31991,32039,31785,17350,-0.55
5/20/2019,31566,31777,31777,31101,14610,-0.76
5/21/2019,31442,31549,31549,31410,11490,-0.39
5/22/2019,31452,31460,31568,31416,9610,0.03
5/23/2019,31696,31401,31757,31265,16970,0.78
5/24/2019,31554,31681,31710,31518,10690,-0.45
5/27/2019,31630,31588,31716,31580,8360,0.24
5/28/2019,31569,31629,31718,31510,11670,-0.19
5/29/2019,31760,31651,31850,31638,12930,0.61
5/30/2019,31831,31721,31896,31560,10730,0.22
5/31/2019,32131,31810,32165,31810,8390,0.94
6/3/2019,32405,32147,32499,32113,1290,0.85
6/4/2019,32465,32500,32800,32300,120,0.19
6/5/2019,32607,32540,32866,32540,11500,0.44
6/6/2019,32734,32631,32760,32631,10040,0.39
6/7/2019,32867,32641,32944,32610,18520,0.41
6/10/2019,32611,32800,32800,32585,9620,-0.78
6/11/2019,32576,32640,32662,32431,10980,-0.11
6/12/2019,32685,32617,32776,32617,11390,0.33
6/13/2019,32884,32739,32918,32662,12030,0.61
6/14/2019,32984,32950,33241,32950,21100,0.3
6/17/2019,32961,33015,33080,32826,15540,-0.07
6/18/2019,32939,32974,33149,32846,21560,-0.07
6/19/2019,32976,32907,32999,32875,10560,0.11
6/20/2019,33838,33000,33876,33000,26730,2.61
6/21/2019,33960,33890,34297,33709,27580,0.36
6/24/2019,34214,34100,34259,34031,15550,0.75
6/25/2019,34300,34345,34599,34160,30860,0.25
6/26/2019,34135,34160,34173,33964,20450,-0.48
6/27/2019,33931,34270,34270,33777,13580,-0.6
6/28/2019,33947,34000,34200,33900,11220,0.05
7/1/2019,33348,33777,33777,33210,3840,-1.76
7/2/2019,33779,33530,33804,33507,350,1.29
7/3/2019,34077,33801,34750,33801,190,0.88
7/4/2019,34023,34199,34300,33911,180,-0.16
7/5/2019,34370,34395,35037,33900,40,1.02
7/8/2019,34535,34550,34759,34475,23910,0.48
7/9/2019,34533,34499,34581,34300,25570,-0.01
7/10/2019,34765,34469,34806,34332,31360,0.67
7/11/2019,34612,34800,34995,34591,34610,-0.44
7/12/2019,34812,34698,34862,34611,23110,0.58
7/15/2019,34792,34740,34850,34687,19680,-0.06
7/16/2019,34738,34809,34839,34639,25480,-0.16
7/17/2019,35039,34700,35080,34611,27570,0.87
7/18/2019,35117,35100,35150,34851,31100,0.22
7/19/2019,35033,35180,35380,35003,29520,-0.24
7/22/2019,35143,35100,35189,35035,16100,0.31
7/23/2019,35030,35065,35135,34907,20410,-0.32
7/24/2019,35036,35012,35090,34921,15420,0.02
7/25/2019,34850,34981,35121,34802,21460,-0.53
7/26/2019,34815,34870,34905,34760,14310,-0.1
7/29/2019,34788,34839,34881,34735,10730,-0.08
7/30/2019,34737,34823,34898,34520,18210,-0.15
7/31/2019,34714,34830,34830,34625,8500,-0.07
8/1/2019,35134,34520,35500,34430,2710,1.21
8/2/2019,35705,35200,35840,35100,820,1.63
8/5/2019,36711,36412,36775,36240,290,2.82
8/6/2019,37182,37003,37207,36621,27320,1.28
8/7/2019,37899,37250,38125,37250,44110,1.93
8/8/2019,37311,37899,37899,37175,33790,-1.55
8/9/2019,37558,37419,37684,37355,22870,0.66
8/12/2019,37812,37620,37909,37620,9180,0.68
8/13/2019,37268,37860,38147,36860,41660,-1.44
8/14/2019,37688,37274,37844,37188,33320,1.13
8/16/2019,37487,37880,37941,37281,24290,-0.53
8/19/2019,37484,37340,37525,37270,22990,-0.01
8/20/2019,37640,37400,37680,37350,19810,0.42
8/21/2019,37598,37555,37636,37441,15780,-0.11
8/22/2019,37779,37560,37800,37501,20060,0.48
8/23/2019,38357,37700,38426,37595,28960,1.53
8/26/2019,38415,38550,38869,38360,28460,0.15
8/27/2019,38644,38367,38679,38331,20050,0.6
8/28/2019,38772,38547,38879,38465,19150,0.33
8/29/2019,38426,38740,38998,38289,24910,-0.89
8/30/2019,38300,38424,38588,38224,16910,-0.33
9/2/2019,38708,38520,38800,38400,2320,1.07
9/3/2019,39314,38852,39431,38634,1200,1.57
9/4/2019,39337,39337,39490,38981,1850,0.06
9/5/2019,38504,39198,39370,38353,630,-2.12
9/6/2019,38551,38821,38962,38385,40450,0.12
9/9/2019,38459,38578,39699,38265,31730,-0.24
9/10/2019,38248,38382,38487,38200,18610,-0.55
9/11/2019,37965,38200,38260,37931,27740,-0.74
9/12/2019,37747,37900,38215,37662,41660,-0.57
9/13/2019,37517,37700,37891,37451,28040,-0.61
9/16/2019,38161,37749,38188,37749,25820,1.72
9/17/2019,37995,38068,38165,37853,24420,-0.43
9/18/2019,37837,38067,38067,37728,19420,-0.42
9/19/2019,37672,37700,37767,37525,23030,-0.44
9/20/2019,37669,37700,37749,37437,20700,-0.01
9/23/2019,37905,37750,37960,37725,19980,0.63
9/24/2019,38091,37899,38140,37758,25610,0.49
9/25/2019,37571,38010,38170,37455,27540,-1.37
9/26/2019,37773,37572,37825,37427,25210,0.54
9/27/2019,37706,37824,37824,37301,27420,-0.18
9/30/2019,36873,37600,37620,36811,17000,-2.21
10/1/2019,37377,36979,37507,36750,3670,1.37
10/3/2019,38012,37583,38215,37583,380,1.7
10/4/2019,38002,37948,38215,37879,150,-0.03
10/7/2019,37978,38225,38302,37765,15800,-0.06
10/8/2019,38242,38179,38400,38179,10520,0.7
10/9/2019,38384,38279,38418,38154,20030,0.37
10/10/2019,38120,38400,38434,38030,20640,-0.69
10/11/2019,37839,38050,38263,37736,27080,-0.74
10/14/2019,38250,37795,38286,37757,21990,1.09
10/15/2019,38067,38259,38406,38021,23550,-0.48
10/16/2019,38248,38175,38271,37980,26510,0.48
10/17/2019,38216,38190,38250,38001,20290,-0.08
10/18/2019,38121,38179,38212,38025,16230,-0.25
10/21/2019,37969,38098,38144,37940,10410,-0.4
10/22/2019,38025,37901,38060,37900,13840,0.15
10/23/2019,38124,38090,38249,38090,12600,0.26
10/24/2019,38452,38175,38475,38109,14660,0.86
10/25/2019,38362,38450,38690,38325,19570,-0.23
10/27/2019,38280,38277,38345,38250,670,-0.21
10/28/2019,38103,38388,38388,38070,7520,-0.46
10/29/2019,38110,38063,38194,37988,11170,0.02
10/30/2019,38369,38194,38384,38078,6370,0.68
10/31/2019,38842,38300,38898,38300,2300,1.23
11/1/2019,38652,38759,38800,38518,720,-0.49
11/4/2019,38734,39500,39500,38645,180,0.21
11/5/2019,38458,38839,39049,38300,170,-0.71
11/6/2019,38239,37980,38273,37957,20310,-0.57
11/7/2019,37595,38188,38245,37536,27880,-1.68
11/8/2019,37705,37655,37880,37488,27500,0.29
11/11/2019,37688,37710,37850,37532,17280,-0.05
11/12/2019,37740,37650,37800,37542,12900,0.14
11/13/2019,38107,37820,38150,37800,23100,0.97
11/14/2019,38269,38106,38295,38060,20590,0.43
11/15/2019,38002,38236,38236,37922,17270,-0.7
11/18/2019,38228,37943,38249,37810,23230,0.59
11/19/2019,38206,38223,38230,37920,24870,-0.06
11/20/2019,38155,38218,38325,38020,23560,-0.13
11/21/2019,37971,38156,38200,37945,20030,-0.48
11/22/2019,37927,37975,38150,37905,20370,-0.12
11/25/2019,37782,37891,37905,37736,14900,-0.38
11/26/2019,37775,37747,37830,37615,15750,-0.02
11/27/2019,37578,37753,37753,37530,11790,-0.52
11/28/2019,37780,37511,37837,37511,9500,0.54
11/29/2019,37961,37770,38070,37711,4270,0.48
12/2/2019,37915,38240,38240,37715,890,-0.12
12/3/2019,38267,37874,38400,37840,150,0.93
12/4/2019,38188,38563,38563,38081,50,-0.21
12/5/2019,38095,38245,38245,37800,30,-0.24
12/6/2019,37748,38087,38170,37711,16890,-0.91
12/9/2019,37638,37774,37774,37610,9220,-0.29
12/10/2019,37604,37604,37728,37550,12400,-0.09
12/11/2019,37693,37602,37741,37554,10900,0.24
12/12/2019,37559,37749,38044,37500,22610,-0.36
12/13/2019,37776,37512,37810,37400,21940,0.58
12/16/2019,37873,37740,37948,37735,13050,0.26
12/17/2019,37961,37863,37987,37850,11990,0.23
12/18/2019,37932,37937,37994,37817,12090,-0.08
12/19/2019,38110,37998,38140,37880,13070,0.47
12/20/2019,38002,38076,38120,37965,12050,-0.28
12/23/2019,38231,37999,38270,37999,10200,0.6
12/24/2019,38624,38240,38644,38240,13880,1.03
12/26/2019,38767,38650,38816,38619,16480,0.37
12/27/2019,38978,38805,38995,38685,11520,0.54
12/30/2019,38823,38993,38994,38701,5570,-0.4
12/31/2019,38999,39019,39099,38869,630,0.45
1/1/2020,38938,38980,39067,38900,120,-0.16
1/2/2020,39220,38953,39685,38905,250,0.72
1/3/2020,39925,39520,40002,39486,210,1.8
1/6/2020,40448,40250,41049,40250,33170,1.31
1/7/2020,40635,40280,40666,40181,27470,0.46
1/8/2020,40078,40792,41270,39893,47710,-1.37
1/9/2020,39806,40165,40165,39594,27520,-0.68
1/10/2020,39849,39721,39888,39550,26620,0.11
1/13/2020,39541,39801,39801,39510,20340,-0.77
1/14/2020,39443,39500,39525,39280,19100,-0.25
1/15/2020,39598,39600,39699,39464,18190,0.39
1/16/2020,39676,39562,39762,39562,15820,0.2
1/17/2020,39920,39749,39959,39684,15500,0.61
1/20/2020,39927,39990,39990,39870,10010,0.02
1/21/2020,39892,40000,40150,39660,24670,-0.09
1/22/2020,39893,39813,39939,39736,15260,0
1/23/2020,40255,39917,40274,39806,21340,0.91
1/24/2020,40322,40139,40399,39929,23430,0.17
1/27/2020,40557,40400,40721,40400,20090,0.58
1/28/2020,40200,40523,40561,40130,19400,-0.88
1/29/2020,40321,40100,40380,40023,13240,0.3
1/30/2020,40897,40400,40990,40400,4950,1.43
1/31/2020,41012,40490,41161,40490,1150,0.28
2/1/2020,41099,41249,41315,40901,7330,0.21
2/3/2020,40633,41178,41178,40590,190,-1.13
2/4/2020,40056,40618,40839,39750,100,-1.42
2/5/2020,40213,40690,40700,40100,40,0.39
2/6/2020,40287,40043,40345,39972,15610,0.18
2/7/2020,40563,40345,40633,40232,19970,0.69
2/10/2020,40607,40533,40635,40451,13040,0.11
2/11/2020,40353,40510,40510,40243,17790,-0.63
2/12/2020,40427,40352,40464,40251,14130,0.18
2/13/2020,40580,40474,40625,40460,14930,0.38
2/14/2020,40879,40489,40912,40489,15050,0.74
2/17/2020,40686,40826,40843,40660,11090,-0.47
2/18/2020,41311,40820,41343,40800,22270,1.54
2/19/2020,41463,41400,41486,41230,19080,0.37
2/20/2020,41886,41488,41987,41390,27950,1.02
2/21/2020,42511,42000,42571,42000,19670,1.49
2/24/2020,43456,42750,43585,42750,39100,2.22
2/25/2020,42675,43160,43200,42257,33280,-1.8
2/26/2020,42349,42470,42735,42006,26970,-0.76
2/27/2020,42193,42460,42735,42154,18400,-0.37
2/28/2020,41763,42350,43000,41248,4470,-1.02
3/2/2020,42017,43014,43014,41689,310,0.61
3/3/2020,43100,42050,43277,41960,70,2.58
3/4/2020,43235,43100,43649,43006,90,0.31
3/5/2020,43874,43050,44255,43050,370,1.48
3/6/2020,44098,44200,44881,43407,76250,0.51
3/9/2020,44308,44200,44740,43829,61170,0.48
3/10/2020,43694,44280,44280,43511,23910,-1.39
3/11/2020,43334,43690,43838,43270,35130,-0.82
3/12/2020,42217,43311,43615,41601,75050,-2.58
3/13/2020,40382,42000,42085,40155,66620,-4.35
3/16/2020,39548,40802,41291,38419,106920,-2.07
3/17/2020,40279,39750,40950,38700,82570,1.85
3/18/2020,39764,40239,40480,39368,72460,-1.28
3/19/2020,39889,39700,40170,39121,49450,0.31
3/20/2020,40419,40049,40987,39885,46770,1.33
3/23/2020,41317,40668,41500,39820,43820,2.22
3/24/2020,41873,41451,42176,40115,40080,1.35
3/25/2020,42713,42100,42889,41400,32140,2.01
3/26/2020,43631,42400,43900,42000,34450,2.15
3/27/2020,43590,43520,43759,43035,20610,-0.09
3/30/2020,43883,43200,44180,43200,920,0.67
3/31/2020,43225,44373,44399,43060,290,-1.5
4/1/2020,43578,42854,43645,42800,50,0.82
4/3/2020,44298,44190,44400,43860,80,1.65
4/7/2020,45043,44000,46299,44000,20590,1.68
4/8/2020,44944,44762,45000,44650,12640,-0.22
4/9/2020,45279,44970,45330,44802,13160,0.75
4/13/2020,46270,45499,46360,45499,19510,2.19
4/15/2020,46696,46499,46782,46030,26090,0.92
4/16/2020,47203,46783,47290,46478,21660,1.09
4/17/2020,45855,47005,47005,45400,32290,-2.86
4/20/2020,45724,45400,45949,45265,24610,-0.29
4/21/2020,45383,45735,46275,45100,31180,-0.75
4/22/2020,46189,45656,46290,45475,32759,1.78
4/23/2020,46475,46499,46680,46171,42680,0.62
4/24/2020,46550,46491,46850,46160,43750,0.16
4/27/2020,46353,46352,46673,46250,36810,-0.42
4/28/2020,46188,46290,46333,45750,25390,-0.36
4/29/2020,45439,46290,46308,45401,4780,-1.62
4/30/2020,44647,45642,45761,44200,2130,-1.74
5/1/2020,45251,44703,45380,44441,310,1.35
5/4/2020,45762,45403,46090,45349,490,1.13
5/5/2020,45539,45400,45590,44768,230,-0.49
5/6/2020,45387,45700,45850,45330,37990,-0.33
5/7/2020,46147,45450,46222,45355,40800,1.67
5/8/2020,45820,46050,46343,45751,53030,-0.71
5/11/2020,45785,45842,45980,45609,39590,-0.08
5/12/2020,45635,45821,45970,45551,37850,-0.33
5/13/2020,45983,45634,46087,45527,41420,0.76
5/14/2020,46631,46020,46735,46020,47990,1.41
5/15/2020,47352,46490,47420,46480,51030,1.55
5/18/2020,46652,47500,47965,46550,65730,-1.48
5/19/2020,47036,46656,47180,46463,47800,0.82
5/20/2020,47129,47165,47380,46850,40320,0.2
5/21/2020,46417,46944,46980,46265,40760,-1.51
5/22/2020,47057,46420,47118,46420,42900,1.38
5/25/2020,46953,46800,47029,46666,17270,-0.22
5/26/2020,46393,47047,47150,46302,41020,-1.19
5/27/2020,46647,46390,46698,45855,47490,0.55
5/28/2020,46474,46740,46930,46400,35540,-0.37
5/29/2020,46858,46579,46924,46468,24160,0.83
6/1/2020,47018,46900,47299,46702,2009,0.34
6/2/2020,46796,47090,47375,46753,220,-0.47
6/3/2020,46203,46750,46851,46150,180,-1.27
6/4/2020,46781,46399,47125,46235,80,1.25
6/5/2020,46346,46750,46805,46100,60,-0.93
6/8/2020,46110,45800,46175,45772,39330,-0.51
6/9/2020,46595,46070,46666,45962,41710,1.05
6/10/2020,46629,46614,46923,46502,34600,0.07
6/11/2020,47405,46767,47630,46767,53470,1.66
6/12/2020,47325,47400,47493,47073,40800,-0.17
6/15/2020,46999,47200,47242,46569,42280,-0.69
6/16/2020,47534,47200,47610,46974,46860,1.14
6/17/2020,47320,47363,47453,47020,35350,-0.45
6/18/2020,47328,47290,47550,47130,39880,0.02
6/19/2020,47907,47300,47938,47300,37640,1.22
6/22/2020,47912,47999,48259,47792,42280,0.01
6/23/2020,48186,47899,48227,47726,35720,0.57
6/24/2020,48105,48019,48421,47969,42480,-0.17
6/25/2020,47952,48048,48147,47830,28160,-0.32
6/26/2020,48363,48030,48431,47825,26210,0.86
6/29/2020,48194,48420,48513,48080,3740,-0.35
6/30/2020,48861,48237,48999,48237,630,1.38
7/1/2020,48400,48986,49020,48251,330,-0.94
7/2/2020,48437,48340,48529,47970,90,0.08
7/3/2020,48336,49304,49304,48100,70,-0.21
7/6/2020,48247,47976,48300,47830,36250,-0.18
7/7/2020,48796,48200,48829,48110,44010,1.14
7/8/2020,49160,48701,49317,48635,42550,0.75
7/9/2020,48896,49095,49298,48780,46250,-0.54
7/10/2020,48883,48900,49217,48731,38450,-0.03
7/13/2020,49180,48920,49258,48920,34250,0.61
7/14/2020,49277,49150,49299,48811,41500,0.2
7/15/2020,49182,49240,49273,48951,37680,-0.19
7/16/2020,48811,49121,49246,48755,30040,-0.75
7/17/2020,49001,48812,49086,48760,28010,0.39
7/20/2020,49067,49000,49190,48891,27740,0.13
7/21/2020,49559,49128,49599,49066,31550,1
7/22/2020,50115,49734,50238,49640,46550,1.12
7/23/2020,50762,50000,50970,50000,45430,1.29
7/24/2020,51120,50800,51230,50669,39020,0.71
7/27/2020,52227,51700,52375,51700,39480,2.17
7/28/2020,52731,52390,52844,51351,54990,0.97
7/29/2020,53207,52878,53323,52475,28840,0.9
7/30/2020,52986,53301,53388,52715,3700,-0.42
7/31/2020,53582,53999,54000,53210,670,1.12
8/3/2020,53927,53988,53988,53600,150,0.64
8/4/2020,54784,54094,54950,53641,110,1.59
8/5/2020,55597,54900,55949,54701,40,1.48
8/6/2020,56117,55405,56199,55400,45660,0.94
8/7/2020,55018,56351,56499,54925,53590,-1.96
8/10/2020,55243,54900,55660,54900,35600,0.41
8/11/2020,52144,55150,55150,51929,80850,-5.61
8/12/2020,52505,50680,52840,50026,92180,0.69
8/13/2020,53148,52353,53250,52020,54500,1.22
8/14/2020,52451,52801,53000,52000,47420,-1.31
8/17/2020,53435,52468,53640,52270,43930,1.88
8/18/2020,53738,53387,54180,51888,70760,0.57
8/19/2020,52824,53576,53786,52505,56450,-1.7
8/20/2020,52302,52500,52659,51860,55710,-0.99
8/21/2020,52045,52400,52598,51355,59160,-0.49
8/24/2020,51385,51959,52250,51266,47380,-1.27
8/25/2020,50936,51508,51563,50860,39540,-0.87
8/26/2020,51619,51070,51749,50513,48630,1.34
8/27/2020,50507,51700,51721,50213,53540,-2.15
8/28/2020,51050,51000,51395,50551,31610,1.08
8/31/2020,51099,51267,51295,50901,4570,0.1
9/1/2020,51017,51533,51708,50966,1490,-0.16
9/2/2020,50577,51035,51160,50500,100,-0.86
9/3/2020,50768,50755,51022,50502,350,0.38
9/4/2020,50728,50980,50980,50501,140,-0.08
9/7/2020,51149,50855,51284,50789,21050,0.83
9/8/2020,51433,51000,51498,50714,44490,0.56
9/9/2020,51486,51250,51536,50968,33440,0.1
9/10/2020,51832,51426,51889,51315,33930,0.67
9/11/2020,51393,51557,51739,51305,29230,-0.85
9/14/2020,51759,51540,51885,51403,28810,0.71
9/15/2020,51818,51880,52199,51620,35290,0.11
9/16/2020,51876,51849,52135,51812,33870,0.11
9/17/2020,51498,51750,51750,51257,34620,-0.73
9/18/2020,51764,51598,51889,51515,26220,0.52
9/21/2020,50512,51734,51734,49872,53200,-2.42
9/22/2020,50454,50637,50750,50190,36990,-0.11
9/23/2020,49576,50350,50470,49510,42440,-1.74
9/24/2020,49959,49500,50038,49292,41420,0.77
9/25/2020,49539,49890,49922,49330,31360,-0.84
9/28/2020,49928,49499,50005,49212,8940,0.79
9/29/2020,50607,50096,50650,49925,470,1.36
9/30/2020,50232,50455,50500,50070,310,-0.74
10/1/2020,50345,50299,50465,50169,110,0.22
10/5/2020,50809,50001,50871,50001,140,0.92
10/6/2020,50617,50637,51058,50527,29170,-0.38
10/7/2020,50133,50346,50437,49910,34580,-0.96
10/8/2020,50239,50115,50470,50000,29790,0.21
10/9/2020,50872,50400,50988,50400,30470,1.26
10/12/2020,51166,51000,51238,50984,21900,0.58
10/13/2020,50306,50980,51131,50231,33720,-1.68
10/14/2020,50614,50333,50771,50326,25030,0.61
10/15/2020,50775,50480,50849,50356,28690,0.32
10/16/2020,50605,50666,50860,50521,20350,-0.33
10/19/2020,50751,50609,50970,50271,21200,0.29
10/20/2020,50937,50688,50980,50551,23660,0.37
10/21/2020,51313,51000,51398,50967,26660,0.74
10/22/2020,50741,51170,51186,50563,22820,-1.11
10/23/2020,50820,50801,51040,50659,22780,0.16
10/26/2020,50953,50686,51100,50531,24720,0.26
10/27/2020,50984,50999,51111,50766,20580,0.06
10/28/2020,50483,50915,51049,50306,27040,-0.98
10/29/2020,50276,50444,50610,50122,21880,-0.41
10/30/2020,50641,50370,50790,50197,4860,0.73
11/2/2020,51032,50715,51068,50582,700,0.77
11/3/2020,51509,51029,51572,50737,320,0.93
11/4/2020,50829,51375,51455,50790,930,-1.32
11/5/2020,51901,51115,52079,51035,380,2.11
11/6/2020,52190,51900,52490,51762,36600,0.56
11/9/2020,49795,52300,52530,49526,68550,-4.59
11/10/2020,50561,50150,50665,50150,36310,1.54
11/11/2020,50230,50542,50580,50010,31070,-0.65
11/12/2020,50652,50352,50847,50272,27720,0.84
11/13/2020,50956,50636,51161,50636,23840,0.6
11/14/2020,50945,50961,51125,50901,2260,-0.02
11/16/2020,50870,50948,51080,50111,22590,-0.15
11/17/2020,50806,50880,51038,50727,21980,-0.13
11/18/2020,50377,50680,50690,50108,30920,-0.84
11/19/2020,50063,50242,50265,49830,31010,-0.62
11/20/2020,50279,50100,50491,50001,25040,0.43
11/23/2020,49555,50323,50400,49385,34510,-1.44
11/24/2020,48683,49429,49429,48621,35190,-1.76
11/25/2020,48568,48614,48981,48486,27980,-0.24
11/26/2020,48597,48600,48840,48495,19380,0.06
11/27/2020,48189,48587,48668,47879,23050,-0.84
11/30/2020,47898,47889,48075,47526,2040,-0.6
12/1/2020,48641,48200,48937,47809,360,1.55
12/2/2020,48959,48630,49080,48377,380,0.65
12/3/2020,49061,49210,49334,48881,650,0.21
12/4/2020,49322,49054,49606,47651,110,0.53
12/7/2020,49923,49376,49991,48867,31170,1.22
12/8/2020,50049,50100,50122,49710,26650,0.25
12/9/2020,49256,49961,49961,49124,32650,-1.58
12/10/2020,49081,49256,49470,48968,27640,-0.36
12/11/2020,49306,49102,49395,48903,26230,0.46
12/14/2020,48916,49255,49255,48659,29840,-0.79
12/15/2020,49416,48989,49522,48984,28740,1.02
12/16/2020,49544,49500,49784,49422,30230,0.26
12/17/2020,50263,49649,50425,49649,35230,1.45
12/18/2020,50100,50110,50283,49885,25050,-0.32
12/21/2020,50146,50199,50716,49465,39390,0.09
12/22/2020,49768,50224,50287,49667,24490,-0.75
12/23/2020,49909,49771,50020,49466,26910,0.28
12/24/2020,49787,50021,50049,49630,18140,-0.24
12/28/2020,49761,49900,50318,49711,25620,-0.05
12/29/2020,49722,49820,49899,49600,13260,-0.08
12/30/2020,49881,49840,49950,49599,3650,0.32
12/31/2020,50081,49940,50139,49778,390,0.4
1/1/2021,50081,50123,50202,50003,50,0
1/4/2021,51349,50715,51493,50654,150,2.53
1/5/2021,51456,51334,51549,51202,150,0.21
1/6/2021,50545,51564,51857,50468,47140,-1.77
1/7/2021,50918,50632,51045,50632,28490,0.74
1/8/2021,49035,50818,50824,48855,58390,-3.7
1/11/2021,49386,48835,49435,48578,34630,0.72
1/12/2021,49098,49333,49620,49000,28650,-0.58
1/13/2021,49354,49248,49497,49210,21700,0.52
1/14/2021,49238,49321,49321,48807,29610,-0.24
1/15/2021,48745,49277,49328,48600,30090,-1
1/18/2021,48918,48701,49000,48588,17920,0.35
1/19/2021,49011,48918,49082,48775,23140,0.19
1/20/2021,49528,49097,49614,48836,36370,1.05
1/21/2021,49418,49600,49743,49315,23310,-0.22
1/22/2021,49131,49397,49397,48711,30380,-0.58
1/25/2021,49144,49137,49321,48936,24630,0.03
1/27/2021,48879,48919,48985,48554,25140,-0.54
1/28/2021,48672,48699,49248,48568,28330,-0.42
1/29/2021,49111,48672,49490,48672,27930,0.9
2/1/2021,48424,49298,49438,47425,3140,-1.4
2/2/2021,47752,48344,48344,47531,380,-1.39
2/3/2021,47703,47890,47925,47639,190,-0.1
2/4/2021,46695,47050,47575,46501,140,-2.11
2/5/2021,46978,46602,47100,46601,30,0.61
2/8/2021,47726,47147,47828,47064,29170,1.59
2/9/2021,47818,47850,48061,47651,27330,0.19
2/10/2021,47863,47930,48136,47711,27630,0.09
2/11/2021,47377,47742,47950,47333,24860,-1.02
2/12/2021,47169,47670,47670,47012,30720,-0.44
2/15/2021,47118,47200,47297,47064,15390,-0.11
2/16/2021,46777,47118,47325,46600,37740,-0.72
2/17/2021,46134,46700,46709,46088,34790,-1.37
2/18/2021,46046,46244,46379,45955,28540,-0.19
2/19/2021,46095,45970,46359,45805,30680,0.11
2/22/2021,46782,46297,46840,46125,30050,1.49
2/23/2021,46632,46890,46890,46430,22890,-0.32
2/24/2021,46369,46580,46715,46160,21710,-0.56
2/25/2021,46085,46321,46496,45976,24510,-0.61
2/26/2021,45569,45911,46516,45475,32960,-1.12
3/1/2021,45021,46187,46188,44910,5190,-1.2
3/2/2021,45224,44945,45431,44873,320,0.45
3/3/2021,44721,45267,45267,44472,30,-1.11
3/4/2021,44581,44686,44686,44370,10,-0.31
3/5/2021,44442,44279,44499,44188,50,-0.31
3/8/2021,44233,44720,44775,44163,29840,-0.47
3/9/2021,44844,44299,44918,44280,29790,1.38
3/10/2021,44774,44750,44920,44636,22090,-0.16
3/11/2021,44876,44950,45135,44785,15840,0.23
3/12/2021,44737,44740,44779,44310,32180,-0.31
3/15/2021,44906,44860,45038,44763,21500,0.38
3/16/2021,44820,44962,45071,44775,18920,-0.19
3/17/2021,44848,44902,45018,44750,18240,0.06
3/18/2021,44942,45000,45300,44625,33560,0.21
3/19/2021,45008,44946,45125,44818,18820,0.15
3/22/2021,44885,44922,45019,44632,20260,-0.27
3/23/2021,44636,44910,44984,44584,19810,-0.55
3/24/2021,44841,44786,44880,44679,16570,0.46
3/25/2021,44726,44870,45025,44610,22460,-0.26
3/26/2021,44629,44652,44759,44437,22630,-0.22
3/29/2021,43754,44474,44560,43621,11180,-1.96
3/30/2021,43941,43950,44200,43819,1900,0.43
3/31/2021,44418,43899,44529,43735,330,1.09
4/1/2021,44957,44500,45002,44500,150,1.21
4/5/2021,44985,44918,45050,44805,310,0.06
4/6/2021,45685,45257,45730,45250,17870,1.56
4/7/2021,46128,45600,46180,45518,21450,0.97
4/8/2021,46576,46041,46620,46015,21420,0.97
4/9/2021,46344,46458,46674,46085,21980,-0.5
4/12/2021,46188,46333,46514,46162,18010,-0.34
4/13/2021,46674,46202,46750,46125,20250,1.05
4/14/2021,46317,46650,46659,46180,12630,-0.76
4/15/2021,46881,46370,46973,46370,21620,1.22
4/16/2021,47022,46808,47097,46511,23540,0.3
4/19/2021,47084,47025,47500,47000,24590,0.13
4/20/2021,47498,47111,47538,46712,27160,0.88
4/21/2021,47892,47531,48035,47531,15990,0.83
4/22/2021,47426,47893,47936,47355,22210,-0.97
4/23/2021,47169,47534,47667,47046,24780,-0.54
4/26/2021,47117,47280,47280,46939,18480,-0.11
4/27/2021,46960,47090,47187,46920,13460,-0.33
4/28/2021,46697,46890,46890,46471,17680,-0.56
4/29/2021,46400,46867,46904,46138,6950,-0.64
4/30/2021,46431,46306,46590,46306,310,0.07
5/3/2021,46963,46849,47000,46618,120,1.15
5/4/2021,46782,46890,46943,46500,30,-0.39
5/5/2021,46591,46680,46692,46500,50,-0.41
5/6/2021,47536,47019,47573,46980,29120,2.03
5/7/2021,47719,47540,47990,47512,31360,0.38
5/10/2021,47925,47849,48083,47726,21580,0.43
5/11/2021,47625,47906,47986,47351,29710,-0.63
5/12/2021,47491,47555,47838,47400,25670,-0.28
5/13/2021,47452,47400,47535,47251,12520,-0.08
5/14/2021,47682,47399,47706,47356,17130,0.48
5/17/2021,48437,47855,48467,47855,23470,1.58
5/18/2021,48288,48245,48496,48153,18850,-0.31
5/19/2021,48660,48275,48830,47960,35570,0.77
5/20/2021,48519,48760,48760,48271,21060,-0.29
5/21/2021,48368,48351,48620,48230,20650,-0.31
5/24/2021,48514,48544,48605,48351,16510,0.3
5/25/2021,48780,48447,48806,48300,21060,0.55
5/26/2021,48728,48850,49100,48600,16510,-0.11
5/27/2021,48561,48730,48788,48435,17840,-0.34
5/28/2021,48543,48470,48588,48237,17740,-0.04
5/31/2021,48807,48664,48874,48582,2830,0.54
6/1/2021,48935,48975,49210,48800,890,0.26
6/2/2021,49108,48963,49145,48948,80,0.35
6/3/2021,48293,49309,49309,48213,150,-1.66
6/4/2021,48650,48321,48765,48200,220,0.74
6/7/2021,48911,48767,48936,48590,10910,0.54
6/8/2021,48908,48882,49120,48732,15280,-0.01
6/9/2021,48904,48911,49036,48827,10270,-0.01
6/10/2021,48975,48829,49015,48502,20510,0.15
6/11/2021,48717,49016,49145,48681,17040,-0.53
6/14/2021,48318,48680,48680,47962,23420,-0.82
6/15/2021,48230,48310,48495,48180,13380,-0.18
6/16/2021,48279,48240,48355,48181,10100,0.1
6/17/2021,46781,48205,48205,46628,32070,-3.1
6/18/2021,46592,46860,47187,46526,17880,-0.4
6/21/2021,46904,46800,46960,46482,17130,0.67
6/22/2021,46838,46981,47068,46721,14670,-0.14
6/23/2021,46921,46915,47123,46799,12030,0.18
6/24/2021,46701,46850,46997,46638,14040,-0.47
6/25/2021,46757,46839,47050,46637,16690,0.12
6/28/2021,46821,46400,46959,46400,15550,0.14
6/29/2021,46438,46719,46809,46202,5170,-0.82
6/30/2021,46817,46448,46858,46372,830,0.82
7/1/2021,46985,46882,47999,46837,120,0.36
7/2/2021,47286,47200,47553,47200,200,0.64
7/5/2021,47567,47800,48704,47075,30,0.59
7/6/2021,47694,47418,47971,47418,22960,0.27
7/7/2021,47887,47779,47963,47669,13920,0.4
7/8/2021,47735,47814,48244,47650,25700,-0.32
7/9/2021,47898,47798,47922,47621,15170,0.34
7/12/2021,47768,47750,47849,47503,17040,-0.27
7/13/2021,47887,47865,48035,47710,18880,0.25
7/14/2021,48265,47954,48320,47902,18330,0.79
7/15/2021,48358,48290,48460,48150,16070,0.19
7/16/2021,48040,48330,48375,47980,17430,-0.66
7/19/2021,48069,48132,48200,47786,17250,0.06
7/20/2021,47861,48170,48247,47788,19090,-0.43
7/21/2021,47584,47790,47790,47518,8420,-0.58
7/22/2021,47624,47518,47670,47320,15980,0.08
7/23/2021,47521,47560,47700,47333,14170,-0.22
7/26/2021,47455,47615,47770,47430,13070,-0.14
7/27/2021,47551,47449,47609,47364,12870,0.2
7/28/2021,47535,47640,47650,47411,8780,-0.03
7/29/2021,48210,47720,48250,47713,13670,1.42
7/30/2021,47901,48239,48254,47830,2650,-0.64
8/2/2021,47937,48094,48172,47720,170,0.08
8/3/2021,47854,47820,48168,47760,70,-0.17
8/4/2021,47872,47950,48300,47739,40,0.04
8/5/2021,47959,47870,48199,47790,30,0.18
8/6/2021,46682,47550,47571,46621,23200,-2.66
8/9/2021,45949,46600,46600,45860,21360,-1.57
8/10/2021,45936,46089,46148,45708,16300,-0.03
8/11/2021,46351,46029,46396,45915,15300,0.9
8/12/2021,46335,46288,46518,46160,12510,-0.03
8/13/2021,46886,46400,46925,46370,13880,1.19
8/16/2021,47138,46900,47190,46761,12470,0.54
8/17/2021,47206,47132,47455,47106,12460,0.14
8/18/2021,47069,47324,47344,46965,11510,-0.29
8/19/2021,47119,47150,47422,47027,9100,0.11
8/20/2021,47110,47199,47286,47011,9430,-0.02
8/23/2021,47511,47170,47549,47100,12350,0.85
8/24/2021,47532,47493,47634,47405,9450,0.04
8/25/2021,47108,47351,47398,47025,10430,-0.89
8/26/2021,47163,47125,47285,46877,9960,0.12
8/27/2021,47416,47312,47480,46777,13590,0.54
8/30/2021,47049,47276,47466,47005,3010,-0.77
8/31/2021,47060,47220,47260,46800,190,0.02
9/1/2021,47093,47060,47599,46964,60,0.07
9/2/2021,47048,47142,47243,46929,20,-0.1
9/3/2021,47342,47299,47500,47295,10,0.62
9/6/2021,47450,47534,47534,47402,5740,0.23
9/7/2021,46989,47469,47469,46910,16580,-0.97
9/8/2021,47072,47047,47170,46800,12500,0.18
9/9/2021,47021,46984,47128,46770,14580,-0.11
9/10/2021,46858,46987,47030,46810,6110,-0.35
9/13/2021,46946,46930,47060,46800,12220,0.19
9/14/2021,47267,46924,47325,46672,21080,0.68
9/15/2021,46949,47247,47281,46920,14360,-0.67
9/16/2021,46120,46984,46984,45876,24980,-1.77
9/17/2021,46025,46090,46263,45903,13910,-0.21
9/20/2021,46297,46020,46395,45913,14800,0.59
9/21/2021,46641,46297,46798,46163,17710,0.74
9/22/2021,46682,46663,46765,46575,9690,0.09
9/23/2021,46083,46521,46550,45964,18760,-1.28
9/24/2021,45995,46100,46146,45805,12760,-0.19
9/27/2021,46064,46135,46215,45910,14400,0.15
9/28/2021,45819,46008,46072,45679,17770,-0.53
9/29/2021,45550,45842,45960,45488,7360,-0.59
9/30/2021,46221,45790,46377,45507,310,1.47
10/1/2021,46315,46303,46360,46125,190,0.2
10/4/2021,46618,46299,46640,46209,50,0.65
10/5/2021,46459,46556,46557,46345,20,-0.34
10/6/2021,46781,46550,46874,46451,14920,0.69
10/7/2021,46737,46747,46869,46612,11490,-0.09
10/8/2021,46922,46740,47225,46702,19610,0.4
10/11/2021,46941,46910,47090,46750,10000,0.04
10/12/2021,47097,47025,47280,46941,14250,0.33
10/13/2021,47753,47060,47845,47024,23580,1.39
10/14/2021,47748,47682,47954,47651,12460,-0.01
10/15/2021,47106,47706,47706,47015,13810,-1.34
10/18/2021,47186,47200,47295,47077,14020,0.17
10/19/2021,47196,47199,47525,47140,14500,0.02
10/20/2021,47380,47260,47449,47174,14480,0.39
10/21/2021,47314,47430,47460,47250,11820,-0.14
10/22/2021,47668,47439,48050,47375,20490,0.75
10/25/2021,48030,47770,48140,47730,10400,0.76
10/26/2021,47680,47996,48125,47480,12420,-0.73
10/27/2021,47804,47690,47870,47500,11680,0.26
10/28/2021,47777,47889,48039,47610,4590,-0.06
10/29/2021,47502,47669,47862,47350,630,-0.58
11/1/2021,47692,47649,47850,47510,100,0.4
11/2/2021,47683,47866,47939,47600,20,-0.02
11/3/2021,46961,47550,47550,46839,40,-1.51
11/4/2021,47559,47147,47592,47147,5710,1.27
11/5/2021,47959,47520,47990,47315,13760,0.84
11/8/2021,48025,48000,48144,47821,14860,0.14
11/9/2021,48263,48034,48280,47981,15130,0.5
11/10/2021,48857,48250,49244,48166,27480,1.23
11/11/2021,49208,48983,49349,48900,15050,0.72
11/12/2021,49277,49087,49300,48872,16510,0.14
11/15/2021,49269,49170,49436,49081,14670,-0.02
11/16/2021,49038,49294,49579,49004,21990,-0.47
11/17/2021,49262,49069,49288,48976,13310,0.46
11/18/2021,49047,49200,49237,48960,13690,-0.44
11/19/2021,48829,49101,49275,48705,13290,-0.44
11/22/2021,47963,48782,48900,47910,22470,-1.77
11/23/2021,47460,48001,48050,47400,16920,-1.05
11/24/2021,47469,47499,47700,47268,11910,0.02
11/25/2021,47444,47542,47588,47371,6430,-0.05
11/26/2021,47610,47600,48180,47512,16920,0.35
11/29/2021,47613,47800,47969,47593,3060,0.01
11/30/2021,47439,47660,48119,47290,110,-0.37
12/1/2021,47525,47488,47625,47429,30,0.18
12/2/2021,47307,47450,47465,47150,280,-0.46
12/3/2021,47425,47280,47427,47243,60,0.25
12/6/2021,47787,47800,47882,47711,8500,0.76
12/7/2021,47922,47840,48030,47594,12770,0.28
12/8/2021,47900,47995,48125,47830,10880,-0.05
12/9/2021,47802,47900,48000,47723,9800,-0.2
12/10/2021,47993,47831,48088,47723,11580,0.4
12/13/2021,48106,48002,48150,47970,9500,0.24
12/14/2021,47895,48154,48154,47760,12200,-0.44
12/15/2021,47900,47870,48038,47780,8170,0.01
12/16/2021,48407,48008,48428,47994,13340,1.06
12/17/2021,48467,48300,48638,48300,15390,0.12
12/20/2021,48130,48402,48499,48100,9820,-0.7
12/21/2021,47933,48130,48173,47830,11300,-0.41
12/22/2021,48026,47951,48046,47825,7080,0.19
12/23/2021,48012,47900,48195,47880,7160,-0.03
12/24/2021,47982,48053,48099,47931,3840,-0.06
12/27/2021,47933,47996,48074,47886,6530,-0.1
12/28/2021,47888,47962,48094,47837,8530,-0.09
12/29/2021,47673,47864,47864,47463,10190,-0.45
12/30/2021,47746,47614,47848,47402,5050,0.15
12/31/2021,47994,47800,48159,47706,860,0.52
1/3/2022,47473,47940,48100,47327,210,-1.09
1/4/2022,47763,47730,47842,47402,80,0.61
1/5/2022,48051,48099,48099,47872,9710,0.6
1/6/2022,47499,48030,48030,47450,18240,-1.15
1/7/2022,47481,47501,47570,47300,12490,-0.04
1/10/2022,47471,47400,47523,47333,11650,-0.02
1/11/2022,47694,47550,47712,47492,9950,0.47
1/12/2022,47802,47650,47848,47643,9530,0.23
1/13/2022,47759,47794,47926,47671,9070,-0.09
1/14/2022,47803,47800,47989,47780,12530,0.09
1/17/2022,47908,47814,47970,47806,4650,0.22
1/18/2022,47926,47920,48034,47790,10820,0.04
1/19/2022,48368,47934,48399,47922,13010,0.92
1/20/2022,48372,48368,48538,48296,8930,0.01
1/21/2022,48243,48394,48501,48125,9810,-0.27
1/24/2022,48537,48270,48597,48255,11200,0.61
1/25/2022,48836,48560,48888,48527,9160,0.62
1/27/2022,47974,48701,48701,47880,10780,-1.77
1/28/2022,47652,47833,48039,47517,6980,-0.67
1/31/2022,47840,47652,47904,47564,2300,0.39
2/1/2022,47966,48509,48509,47501,450,0.26
2/2/2022,48049,48151,48151,47915,630,0.17
2/3/2022,47884,47980,48070,47500,70,-0.34
2/4/2022,47890,48009,48900,47890,11730,0.01
2/7/2022,48168,47950,48181,47925,7880,0.58
2/8/2022,48345,48185,48394,48106,7950,0.37
2/9/2022,48575,48396,48600,48327,9230,0.48
2/10/2022,48867,48550,48936,48400,10510,0.6
2/11/2022,49015,48694,49048,48560,9900,0.3
2/14/2022,49827,49180,49915,49152,11920,1.66
2/15/2022,49332,49950,50250,49157,16140,-0.99
2/16/2022,49546,49332,49598,49182,9160,0.43
2/17/2022,50277,49482,50381,49482,16180,1.48
2/18/2022,50034,49922,50178,49760,11360,-0.48
2/21/2022,49998,50100,50100,49713,9240,-0.07
2/22/2022,50186,50150,50577,49961,15450,0.38
2/23/2022,50226,50186,50269,49850,8400,0.08
2/24/2022,51403,50360,52635,50360,24780,2.34
2/25/2022,50039,51180,51180,49888,11190,-2.65
2/28/2022,50530,50680,50970,50246,2200,0.98
3/1/2022,51565,51168,51696,50843,500,2.05
3/2/2022,51133,51684,51811,51020,220,-0.84
3/3/2022,51569,51351,51725,51250,40,0.85
3/4/2022,52274,51752,52448,51366,120,1.37
3/7/2022,53461,52558,53938,52558,32759,2.27
3/8/2022,54146,53467,55428,53340,51930,1.28
3/9/2022,52724,54663,55000,52589,48040,-2.63
3/10/2022,53183,52680,53439,52410,33010,0.87
3/11/2022,52828,53001,53148,52227,34030,-0.67
3/14/2022,52238,52613,52750,52061,22340,-1.12
3/15/2022,51522,51900,52009,51202,25680,-1.37
3/16/2022,51105,51400,51476,51000,16210,-0.81
3/17/2022,51597,51400,51750,51318,14700,0.96
3/18/2022,51383,51550,51670,51296,7070,-0.41
3/21/2022,51546,51390,51722,51283,11700,0.32
3/22/2022,51219,51595,51842,50980,16200,-0.63
3/23/2022,51580,51238,51620,51103,11740,0.7
3/24/2022,51841,51666,51922,51504,17160,0.51
3/25/2022,51687,51924,51924,51542,10900,-0.3
3/28/2022,51442,51602,51747,51257,13950,-0.47
3/29/2022,50730,51292,51296,50340,17870,-1.38
3/30/2022,51042,50930,51343,50735,5640,0.62
3/31/2022,51633,51100,51788,50906,430,1.16
4/1/2022,51264,51531,51605,51200,200,-0.71
4/4/2022,51229,51209,51306,50950,190,-0.07
4/5/2022,51240,51300,52200,51127,14280,0.02
4/6/2022,51433,51339,51645,51158,13160,0.38
4/7/2022,51681,51450,51760,51398,9940,0.48
4/8/2022,51854,51622,51969,51515,12000,0.33
4/11/2022,51985,51999,52521,51840,15750,0.25
4/12/2022,52656,52100,52764,52100,15370,1.29
4/13/2022,52871,52619,52925,52580,9290,0.41
4/14/2022,52793,52805,52911,52400,7840,-0.15
4/18/2022,53104,52950,53478,52950,13890,0.59
4/19/2022,52603,53000,53259,52507,15290,-0.94
4/20/2022,52499,52511,52545,52183,12710,-0.2
4/21/2022,52356,52498,52498,52101,12110,-0.27
4/22/2022,52250,52349,52630,52102,15490,-0.2
4/25/2022,51462,52125,52125,51380,13730,-1.51
4/26/2022,51655,51528,51800,51473,9140,0.38
4/27/2022,51357,51693,51693,51223,9730,-0.58
4/28/2022,51450,51224,51450,51001,9190,0.18
4/29/2022,51809,51600,51987,51553,1990,0.7
5/2/2022,50831,51201,51920,50575,690,-1.89
5/3/2022,51022,52300,52300,50660,80,0.38
5/4/2022,50836,50882,50970,50804,30,-0.36
5/5/2022,51653,51699,51900,51240,10,1.61
5/6/2022,51381,50953,51543,50953,14580,-0.53
5/9/2022,51026,51395,51416,50975,12930,-0.69
5/10/2022,50662,51052,51150,50584,13110,-0.71
5/11/2022,50862,50575,50920,50365,14930,0.39
5/12/2022,50249,50877,51057,50200,14270,-1.21
5/13/2022,49944,50300,50302,49747,12480,-0.61
5/16/2022,50291,50095,50338,49660,12980,0.69
5/17/2022,50237,50398,50550,50191,11210,-0.11
5/18/2022,50235,50159,50395,49910,13460,0
5/19/2022,50579,50344,50780,50085,15310,0.68
5/20/2022,50842,50551,50886,50514,11760,0.52
5/23/2022,50934,50854,51165,50827,10010,0.18
5/24/2022,51146,50875,51239,50875,9990,0.42
5/25/2022,50815,51100,51143,50700,10610,-0.65
5/26/2022,50858,50800,50918,50615,7050,0.08
5/27/2022,50961,50950,51108,50863,10050,0.2
5/30/2022,50908,51097,51115,50835,3000,-0.1
5/31/2022,50924,50880,51280,50755,340,0.03
6/1/2022,50504,50650,50849,50317,150,-0.82
6/2/2022,51078,50900,51296,50900,10,1.14
6/3/2022,51287,52030,52030,51030,40,0.41
6/6/2022,50871,51087,51120,50820,7550,-0.81
6/7/2022,50929,50822,51030,50680,9200,0.11
6/8/2022,51036,50865,51103,50835,7540,0.21
6/9/2022,50971,51047,51095,50805,8080,-0.13
6/10/2022,51650,50893,51725,50460,23680,1.33
6/13/2022,50682,51457,51633,50600,19290,-1.87
6/14/2022,50251,50630,50680,50200,10820,-0.85
6/15/2022,50433,50398,50830,50272,14220,0.36
6/16/2022,50945,50775,51040,50317,16960,1.02
6/17/2022,50824,50889,51130,50800,10680,-0.24
6/20/2022,50748,50847,50933,50711,5740,-0.15
6/21/2022,50775,50850,50945,50685,7270,0.05
6/22/2022,50898,50738,51098,50541,14350,0.24
6/23/2022,50608,50808,51007,50575,12730,-0.57
6/24/2022,50614,50580,50715,50442,8270,0.01
6/27/2022,50681,50753,50945,50608,7910,0.13
6/28/2022,50824,50770,50930,50728,7010,0.28
6/29/2022,50836,50790,51171,50740,2870,0.02
6/30/2022,50719,50850,51038,50590,430,-0.23
7/1/2022,51961,51700,53675,51188,150,2.45
7/4/2022,51808,52597,52597,51421,130,-0.29
7/5/2022,51370,52766,52766,51370,19700,-0.85
7/6/2022,50581,51448,51595,50515,18620,-1.54
7/7/2022,50691,50741,50909,50607,9490,0.22
7/8/2022,50840,50710,51018,50457,12500,0.29
7/11/2022,50745,50730,50898,50679,7130,-0.19
7/12/2022,50547,50755,50825,50517,10230,-0.39
7/13/2022,50880,50550,50977,50240,16590,0.66
7/14/2022,50340,50730,50781,50169,16020,-1.06
7/15/2022,50185,50305,50387,50051,11800,-0.31
7/18/2022,50434,50424,50669,50390,11420,0.5
7/19/2022,50403,50419,50540,50318,7050,-0.06
7/20/2022,50309,50386,50530,50280,7830,-0.19
7/21/2022,50427,50255,50527,49770,18510,0.23
7/22/2022,50720,50420,50912,50380,11080,0.58
7/25/2022,50567,50735,50826,50475,8690,-0.3
7/26/2022,50612,50580,50735,50501,6640,0.09
7/27/2022,50722,50589,50760,50525,6960,0.22
7/28/2022,51274,50900,51345,50876,9830,1.09
7/29/2022,51365,51443,51467,51166,5680,0.18
8/1/2022,51260,51899,51899,51023,1350,-0.2
8/2/2022,51274,51438,51527,51100,230,0.03
8/3/2022,51225,51250,51375,51137,70,-0.1
8/4/2022,51802,51713,51903,51713,10,1.13
8/5/2022,51820,51935,51965,51525,11080,0.03
